projectID|name|shortName|SME|activityType|city|country|organizationURL|contactForm|order|role|ecContribution
101259018|KONINKLIJKE NEDERLANDSE AKADEMIE VAN WETENSCHAPPEN - KNAW|KNAW|False|REC|AMSTERDAM|NL|http://www.hubrecht.eu/|https://ec.europa.eu/info/funding-tenders/opportunities/portal/screen/contact-form/project/999518362/101259018|2|participant|540000.0
101259018|UNIVERSITATSKLINIKUM BONN|UKB|False|HES|BONN|DE|http://www.ukbonn.de|https://ec.europa.eu/info/funding-tenders/opportunities/portal/screen/contact-form/project/999867465/101259018|3|participant|719250.0
101259018|Laigo Bio B.V.|Laigo Bio|True|PRC|Utrecht|NL||https://ec.europa.eu/info/funding-tenders/opportunities/portal/screen/contact-form/project/876034937/101259018|5|participant|461250.0
101259018|UNIVERSITAIR MEDISCH CENTRUM UTRECHT|UMC UTRECHT|False|HES|Utrecht|NL|http://www.umcutrecht.nl|https://ec.europa.eu/info/funding-tenders/opportunities/portal/screen/contact-form/project/999915189/101259018|1|coordinator|829375.0
101259018|UNIVERSITAT ZURICH|UZH|False|HES|Zurich|CH|http://www.uzh.ch|https://ec.europa.eu/info/funding-tenders/opportunities/portal/screen/contact-form/project/999976396/101259018|4|participant|449175.0
101257985|TEKNOLOGIAN TUTKIMUSKESKUS VTT OY|VTT|False|REC|Espoo|FI|https://www.vtt.fi|https://ec.europa.eu/info/funding-tenders/opportunities/portal/screen/contact-form/project/932760440/101257985|1|coordinator|999622.5
101257985|AALTO KORKEAKOULUSAATIO SR|AALTO|False|HES|Espoo|FI|http://www.aalto.fi/en/|https://ec.europa.eu/info/funding-tenders/opportunities/portal/screen/contact-form/project/991256096/101257985|4|participant|650750.0
101257985|UNIVERSITY OF LANCASTER|Lancaster University|False|HES|LANCASTER|UK|https://www.lancaster.ac.uk|https://ec.europa.eu/info/funding-tenders/opportunities/portal/screen/contact-form/project/999840984/101257985|2|participant|649567.75
101257985|CHALMERS TEKNISKA HOGSKOLA AB||False|HES|GOTEBORG|SE|http://www.chalmers.se|https://ec.europa.eu/info/funding-tenders/opportunities/portal/screen/contact-form/project/999980373/101257985|3|participant|698072.5
101257934|NATURWISSENSCHAFTLICHES UND MEDIZINISCHES INSTITUT AN DER UNIVERSITAET TUEBINGEN|NMI|False|REC|Reutlingen|DE|http://www.nmi.de|https://ec.europa.eu/info/funding-tenders/opportunities/portal/screen/contact-form/project/998796003/101257934|3|participant|384062.5
101257934|TECHNISCHE UNIVERSITAET MUENCHEN|TUM|False|HES|Muenchen|DE|http://www.tu-muenchen.de|https://ec.europa.eu/info/funding-tenders/opportunities/portal/screen/contact-form/project/999977463/101257934|5|participant|351872.5
101257934|ASSISTANCE PUBLIQUE HOPITAUX DE PARIS||False|REC|Paris|FR|http://www.aphp.fr|https://ec.europa.eu/info/funding-tenders/opportunities/portal/screen/contact-form/project/999645432/101257934|7|participant|232000.0
101257934|ADVICE PHARMA GROUP SRL|ADVICE PHARMA|True|PRC|MILANO|IT||https://ec.europa.eu/info/funding-tenders/opportunities/portal/screen/contact-form/project/892235295/101257934|6|participant|212250.0
101257934|BIOMIMX SRL|BiomimX|True|PRC|MILANO|IT||https://ec.europa.eu/info/funding-tenders/opportunities/portal/screen/contact-form/project/911866640/101257934|2|participant|580000.0
101257934|HUMANITAS MIRASOLE SPA||False|PRC|Rozzano (Mi)|IT|https://www.humanitas.it|https://ec.europa.eu/info/funding-tenders/opportunities/portal/screen/contact-form/project/999785015/101257934|4|participant|557250.0
101257934|POLITECNICO DI MILANO|POLIMI|False|HES|Milano|IT|http://www.polimi.it|https://ec.europa.eu/info/funding-tenders/opportunities/portal/screen/contact-form/project/999879881/101257934|1|coordinator|682500.0
101258941|UNIVERSITETET I TROMSOE - NORGES ARKTISKE UNIVERSITET|UiT|False|HES|Tromso|NO|http://uit.no/|https://ec.europa.eu/info/funding-tenders/opportunities/portal/screen/contact-form/project/999874643/101258941|1|coordinator|1911917.5
101258941|NORINNOVA AS|NORINNOVA|True|PRC|TROMSO|NO||https://ec.europa.eu/info/funding-tenders/opportunities/portal/screen/contact-form/project/881476831/101258941|1|thirdParty|0.0
101258941|CENTRO NACIONAL DE INVESTIGACIONES CARDIOVASCULARES CARLOS III (F.S.P.)||False|REC|Madrid|ES|https://www.cnic.es|https://ec.europa.eu/info/funding-tenders/opportunities/portal/screen/contact-form/project/998922879/101258941|3|participant|688750.0
101258941|UNIVERSITY OF SOUTHAMPTON|SOUTHAMPTON|False|HES|SOUTHAMPTON|UK|http://www.southampton.ac.uk|https://ec.europa.eu/info/funding-tenders/opportunities/portal/screen/contact-form/project/999975329/101258941|4|participant|798878.75
101258941|UNIVERSITAT DE BARCELONA|UB|False|HES|BARCELONA|ES|http://www.ub.edu|https://ec.europa.eu/info/funding-tenders/opportunities/portal/screen/contact-form/project/999986387/101258941|2|participant|599250.0
101258941|UNIVERSITAETSKLINIKUM HAMBURG-EPPENDORF|UKE|False|HES|Hamburg|DE|http://www.uke.uni-hamburg.de|https://ec.europa.eu/info/funding-tenders/opportunities/portal/screen/contact-form/project/999857474/101258941|6|associatedPartner|
101258941|UNIVERSITETSSYKEHUSET NORD-NORGE HF|UNIVERSITY HOSPITAL OF NORTH NORWAY|False|REC|Tromso|NO|http://www.unn.no|https://ec.europa.eu/info/funding-tenders/opportunities/portal/screen/contact-form/project/991888051/101258941|5|associatedPartner|
101223249|TECHNISCHE UNIVERSITAET WIEN|TU WIEN|False|HES|Wien|AT|http://www.tuwien.ac.at|https://ec.europa.eu/info/funding-tenders/opportunities/portal/screen/contact-form/project/999979888/101223249|2|participant|497380.0
101223249|THE CHANCELLOR MASTERS AND SCHOLARS OF THE UNIVERSITY OF CAMBRIDGE||False|HES|CAMBRIDGE|UK|http://www.cam.ac.uk|https://ec.europa.eu/info/funding-tenders/opportunities/portal/screen/contact-form/project/999977172/101223249|6|participant|486832.96
101223249|INTERUNIVERSITAIR MICRO-ELECTRONICA CENTRUM|IMEC|False|REC|Leuven|BE|http://www.imec.be|https://ec.europa.eu/info/funding-tenders/opportunities/portal/screen/contact-form/project/999981149/101223249|4|participant|798921.48
101223249|ECOLE POLYTECHNIQUE FEDERALE DE LAUSANNE|EPFL|False|HES|LAUSANNE|CH|http://www.epfl.ch|https://ec.europa.eu/info/funding-tenders/opportunities/portal/screen/contact-form/project/999973971/101223249|9|associatedPartner|
101223249|GESELLSCHAFT FUR ANGEWANDTE MIKRO UND OPTOELEKTRONIK MIT BESCHRANKTERHAFTUNG AMO GMBH|AMO GMBH|True|OTH|Aachen|DE|http://www.amo.de|https://ec.europa.eu/info/funding-tenders/opportunities/portal/screen/contact-form/project/999796558/101223249|3|participant|512722.5
101223249|UNIVERSITA DI PISA|UNIPI|False|HES|PISA|IT|https://www.unipi.it|https://ec.europa.eu/info/funding-tenders/opportunities/portal/screen/contact-form/project/999862712/101223249|1|coordinator|447292.5
101223249|POLITECNICO DI MILANO|POLIMI|False|HES|Milano|IT|http://www.polimi.it|https://ec.europa.eu/info/funding-tenders/opportunities/portal/screen/contact-form/project/999879881/101223249|5|participant|480000.0
101223249|AIXTRON SE||False|PRC|Herzogenrath|DE|http://www.aixtron.com|https://ec.europa.eu/info/funding-tenders/opportunities/portal/screen/contact-form/project/966782414/101223249|8|participant|328625.0
101223249|QUANTAVIS SRL|QUANTAVIS|True|PRC|Livorno|IT||https://ec.europa.eu/info/funding-tenders/opportunities/portal/screen/contact-form/project/999604789/101223249|7|participant|418743.6
101223271|RHEINISCH-WESTFAELISCHE TECHNISCHE HOCHSCHULE AACHEN|RWTH AACHEN|False|HES|Aachen|DE|http://www.rwth-aachen.de|https://ec.europa.eu/info/funding-tenders/opportunities/portal/screen/contact-form/project/999983962/101223271|4|participant|1376875.0
101223271|IBM RESEARCH GMBH|IBM|False|PRC|RUESCHLIKON|CH|http://www.zurich.ibm.com|https://ec.europa.eu/info/funding-tenders/opportunities/portal/screen/contact-form/project/999909854/101223271|5|associatedPartner|
101223271|ECOLE POLYTECHNIQUE FEDERALE DE LAUSANNE|EPFL|False|HES|LAUSANNE|CH|http://www.epfl.ch|https://ec.europa.eu/info/funding-tenders/opportunities/portal/screen/contact-form/project/999973971/101223271|6|associatedPartner|
101223271|GESELLSCHAFT FUR ANGEWANDTE MIKRO UND OPTOELEKTRONIK MIT BESCHRANKTERHAFTUNG AMO GMBH|AMO GMBH|True|OTH|Aachen|DE|http://www.amo.de|https://ec.europa.eu/info/funding-tenders/opportunities/portal/screen/contact-form/project/999796558/101223271|3|participant|1042828.75
101223271|UNIVERSITAT POLITECNICA DE CATALUNYA|UPC|False|HES|BARCELONA|ES|http://www.upc.edu|https://ec.europa.eu/info/funding-tenders/opportunities/portal/screen/contact-form/project/999976202/101223271|1|coordinator|718540.0
101223271|CHALMERS TEKNISKA HOGSKOLA AB||False|HES|GOTEBORG|SE|http://www.chalmers.se|https://ec.europa.eu/info/funding-tenders/opportunities/portal/screen/contact-form/project/999980373/101223271|2|participant|859500.0
101223119|Pi SPACE SOLUTIONS UG||True|PRC|Cologne|DE||https://ec.europa.eu/info/funding-tenders/opportunities/portal/screen/contact-form/project/871596217/101223119|6|participant|796130.95
101223119|Space Robotic Workers SL|Space Robotics Workers|True|PRC|Santander|ES||https://ec.europa.eu/info/funding-tenders/opportunities/portal/screen/contact-form/project/888624373/101223119|3|participant|499625.0
101223119|Gama|Gama|True|PRC|Ivry-Sur-Seine|FR||https://ec.europa.eu/info/funding-tenders/opportunities/portal/screen/contact-form/project/884389256/101223119|4|participant|560660.0
101223119|AIKOSPACE|AIKOSPACE|True|PRC|Toulouse|FR||https://ec.europa.eu/info/funding-tenders/opportunities/portal/screen/contact-form/project/882506777/101223119|7|participant|352150.0
101223119|UNIVERSITE DU LUXEMBOURG|uni.lu|False|HES|ESCH-SUR-ALZETTE|LU|http://wwwen.uni.lu|https://ec.europa.eu/info/funding-tenders/opportunities/portal/screen/contact-form/project/999878620/101223119|5|participant|419407.5
101223119|JONES SOLUTION HOLDING GMBH|JONES SOLUTION HOLDING GMBH|True|PRC|Itzstedt|DE||https://ec.europa.eu/info/funding-tenders/opportunities/portal/screen/contact-form/project/912245716/101223119|2|participant|496457.6
101223119|TECHNISCHE UNIVERSITEIT DELFT|TU Delft|False|HES|DELFT|NL|http://www.tudelft.nl|https://ec.europa.eu/info/funding-tenders/opportunities/portal/screen/contact-form/project/999977366/101223119|1|coordinator|425362.5
101259068|UNIVERSITAETSKLINIKUM AACHEN||False|HES|Aachen|DE|http://www.ukaachen.de|https://ec.europa.eu/info/funding-tenders/opportunities/portal/screen/contact-form/project/999897632/101259068|4|participant|549750.0
101259068|VRIJE UNIVERSITEIT BRUSSEL|VUB|False|HES|BRUSSEL|BE|http://www.vub.ac.be|https://ec.europa.eu/info/funding-tenders/opportunities/portal/screen/contact-form/project/999902094/101259068|3|participant|550625.0
101259068|STICHTING RADBOUD UNIVERSITAIR MEDISCH CENTRUM|RADBOUDUMC|False|HES|NIJMEGEN|NL||https://ec.europa.eu/info/funding-tenders/opportunities/portal/screen/contact-form/project/892057785/101259068|5|participant|550000.0
101259068|BIO-TRIP B.V.|BIOTRIP|True|PRC|BOSCH EN DUIN|NL||https://ec.europa.eu/info/funding-tenders/opportunities/portal/screen/contact-form/project/888002603/101259068|6|participant|549271.0
101259068|NANOWORX B.V.|Nanoworx B.V.|True|PRC|Eindhoven|NL||https://ec.europa.eu/info/funding-tenders/opportunities/portal/screen/contact-form/project/871604171/101259068|2|participant|250483.0
101259068|TECHNISCHE UNIVERSITEIT EINDHOVEN|TU/e|False|HES|Eindhoven|NL|http://www.tue.nl/en|https://ec.europa.eu/info/funding-tenders/opportunities/portal/screen/contact-form/project/999977269/101259068|1|coordinator|550217.0
101235287|JORCAR 2009 SL|JORCAR 2009|True|PRC|LLICA DE VALL BARCELONA|ES||https://ec.europa.eu/info/funding-tenders/opportunities/portal/screen/contact-form/project/875787684/101235287|8|participant|604562.5
101235287|METHANOL REFORMER SL|METHANOL REFORMER SL|False|PRC|MOLINS DE REI|ES||https://ec.europa.eu/info/funding-tenders/opportunities/portal/screen/contact-form/project/875042724/101235287|6|participant|350375.0
101235287|NOVA-INSTITUT FUR POLITISCHE UND OKOLOGISCHE INNOVATION GMBH|nova-Institut GmbH|True|PRC|HURTH|DE||https://ec.europa.eu/info/funding-tenders/opportunities/portal/screen/contact-form/project/992622050/101235287|7|participant|406937.5
101235287|ICODOS GMBH||True|PRC|MANNHEIM|DE||https://ec.europa.eu/info/funding-tenders/opportunities/portal/screen/contact-form/project/884642717/101235287|5|participant|653962.5
101235287|POLITECNICO DI TORINO|POLITO|False|HES|Torino|IT|https://www.polito.it|https://ec.europa.eu/info/funding-tenders/opportunities/portal/screen/contact-form/project/999977754/101235287|2|participant|348250.0
101235287|FUNDACIO EURECAT|EURECAT|False|REC|Cerdanyola Del Valles (Barcelona)|ES|http://www.eurecat.org/|https://ec.europa.eu/info/funding-tenders/opportunities/portal/screen/contact-form/project/928030235/101235287|1|coordinator|771212.5
101235287|CENTRE NATIONAL DE LA RECHERCHE SCIENTIFIQUE CNRS|CNRS|False|REC|PARIS|FR|http://www.cnrs.fr|https://ec.europa.eu/info/funding-tenders/opportunities/portal/screen/contact-form/project/999997930/101235287|3|participant|401715.0
101235287|TECHNISCHE UNIVERSITAET DRESDEN|TUD|False|HES|DRESDEN|DE|http://tu-dresden.de|https://ec.europa.eu/info/funding-tenders/opportunities/portal/screen/contact-form/project/999897729/101235287|4|participant|455175.0
101290742|SINBIOSYS SRL|SINBIOSYS SRL|True|PRC|Bologna|IT||https://ec.europa.eu/info/funding-tenders/opportunities/portal/screen/contact-form/project/885558882/101290742|1|coordinator|1577710.45
101290742|POLYSECURE GMBH||True|PRC|FREIBURG IM BREISGAU|DE||https://ec.europa.eu/info/funding-tenders/opportunities/portal/screen/contact-form/project/894158708/101290742|2|participant|675442.8
101291374|ACMIT GMBH||True|OTH|Wiener Neustadt|AT|https://www.ima-mst.at|https://ec.europa.eu/info/funding-tenders/opportunities/portal/screen/contact-form/project/984976413/101291374|2|participant|924368.75
101291374|AZIENDA OSPEDALE UNIVERSITA PADOVA|AOUP|False|PUB|PADOVA|IT|https://www.sanita.padova.it|https://ec.europa.eu/info/funding-tenders/opportunities/portal/screen/contact-form/project/999891327/101291374|3|participant|292472.25
101291374|KATHOLIEKE UNIVERSITEIT LEUVEN|KU Leuven|False|HES|LEUVEN|BE|http://www.kuleuven.be|https://ec.europa.eu/info/funding-tenders/opportunities/portal/screen/contact-form/project/999991334/101291374|1|coordinator|1269750.0
101268729|TECHNISCHE UNIVERSITAET GRAZ|TU GRAZ|False|HES|Graz|AT|http://www.tugraz.at|https://ec.europa.eu/info/funding-tenders/opportunities/portal/screen/contact-form/project/999977948/101268729|2|participant|552365.0
101268729|UNIVERSITAT DE GIRONA|UNIVERSITAT DE GIRONA|False|HES|GIRONA|ES|http://www.udg.es|https://ec.europa.eu/info/funding-tenders/opportunities/portal/screen/contact-form/project/999895983/101268729|4|participant|259743.63
101268729|TECHNISCHE UNIVERSITAT DARMSTADT||False|HES|DARMSTADT|DE|http://www.tu-darmstadt.de|https://ec.europa.eu/info/funding-tenders/opportunities/portal/screen/contact-form/project/999986581/101268729|3|participant|450222.5
101268729|ECOLYTE GMBH|ECOLYTE|True|PRC|GRAZ|AT||https://ec.europa.eu/info/funding-tenders/opportunities/portal/screen/contact-form/project/885401063/101268729|1|coordinator|1229572.5
101257287|CSEM CENTRE SUISSE D'ELECTRONIQUE ET DE MICROTECHNIQUE SA - RECHERCHE ET DEVELOPPEMENT|CSEM|False|REC|NEUCHATEL|CH|http://www.csem.ch|https://ec.europa.eu/info/funding-tenders/opportunities/portal/screen/contact-form/project/999958839/101257287|3|participant|825951.25
101257287|MODUS RESEARCH AND INNOVATION LIMITED||True|REC|DUNDEE|UK||https://ec.europa.eu/info/funding-tenders/opportunities/portal/screen/contact-form/project/914153124/101257287|6|participant|136250.0
101257287|UNIVERSITE DE RENNES|UNIVREN|False|HES|RENNES|FR||https://ec.europa.eu/info/funding-tenders/opportunities/portal/screen/contact-form/project/884014060/101257287|4|participant|399458.75
101257287|UNIVERSITEIT TWENTE|UNIVERSITEIT TWENTE|False|HES|Enschede|NL|http://www.utwente.nl|https://ec.europa.eu/info/funding-tenders/opportunities/portal/screen/contact-form/project/999900833/101257287|2|participant|697008.75
101257287|TECHNISCHE UNIVERSITAET BRAUNSCHWEIG||False|HES|BRAUNSCHWEIG|DE|http://www.tu-braunschweig.de|https://ec.europa.eu/info/funding-tenders/opportunities/portal/screen/contact-form/project/999861257/101257287|1|coordinator|566240.0
101257287|THALES|THALES|False|PRC|MEUDON|FR|https://www.thalesgroup.com|https://ec.europa.eu/info/funding-tenders/opportunities/portal/screen/contact-form/project/999751938/101257287|5|participant|430026.25
101291635|TECHNISCHE UNIVERSITAET DRESDEN|TUD|False|HES|DRESDEN|DE|http://tu-dresden.de|https://ec.europa.eu/info/funding-tenders/opportunities/portal/screen/contact-form/project/999897729/101291635|1|coordinator|2499935.06
101288208|Beyond Weather BV|Beyond Weather|True|PRC|Utrecht|NL||https://ec.europa.eu/info/funding-tenders/opportunities/portal/screen/contact-form/project/870713905/101288208|1|coordinator|2448801.78
101287726|FAST COMPUTING SRL SOCIETA' BENEFIT|FAST COMPUTING SRL SOCIETA' BENEFIT|True|PRC|Trieste|IT||https://ec.europa.eu/info/funding-tenders/opportunities/portal/screen/contact-form/project/880987660/101287726|1|coordinator|2431625.0
101223091|UNIVERSITEIT LEIDEN|ULEI|False|HES|Leiden|NL|http://www.universiteitleiden.nl|https://ec.europa.eu/info/funding-tenders/opportunities/portal/screen/contact-form/project/999974553/101223091|4|participant|469962.5
101223091|IN SRL|INSOCIETY|True|PRC|UDINE|IT||https://ec.europa.eu/info/funding-tenders/opportunities/portal/screen/contact-form/project/983078414/101223091|2|participant|479800.0
101223091|UNIVERSIDAD DE CORDOBA|UCO|False|HES|CORDOBA|ES|http://www.uco.es|https://ec.europa.eu/info/funding-tenders/opportunities/portal/screen/contact-form/project/999872703/101223091|1|coordinator|1100409.48
101223091|CHARITE - UNIVERSITAETSMEDIZIN BERLIN||False|HES|Berlin|DE|http://www.charite.de|https://ec.europa.eu/info/funding-tenders/opportunities/portal/screen/contact-form/project/999992692/101223091|3|participant|703830.0
101223091|WAGENINGEN UNIVERSITY|WU|False|HES|Wageningen|NL|http://www.wageningenur.nl/nl.htm|https://ec.europa.eu/info/funding-tenders/opportunities/portal/screen/contact-form/project/999981634/101223091|5|participant|1176290.0
101256857|DISRUPTIVE TECHNOLOGICAL ADVANCES IN LIFE SCIENCE S.R.L. - SOCIETA BENEFIT, IN FORMA ABBREVIATA D-TAILS S.R.L. SB||True|PRC|Roma|IT||https://ec.europa.eu/info/funding-tenders/opportunities/portal/screen/contact-form/project/879258635/101256857|1|coordinator|1100000.0
101256857|KOBENHAVNS UNIVERSITET|UCPH|False|HES|KOBENHAVN|DK|http://www.ku.dk|https://ec.europa.eu/info/funding-tenders/opportunities/portal/screen/contact-form/project/999991043/101256857|2|participant|1100000.0
101256857|UNIVERSITY COLLEGE LONDON||False|HES|LONDON|UK|http://www.ucl.ac.uk|https://ec.europa.eu/info/funding-tenders/opportunities/portal/screen/contact-form/project/999975620/101256857|3|participant|591106.25
101256857|ISTITUTI FISIOTERAPICI OSPITALIERI|IFO|False|OTH|ROMA|IT||https://ec.europa.eu/info/funding-tenders/opportunities/portal/screen/contact-form/project/985625925/101256857|4|participant|200000.0
101259077|UNIVERSITAT WIEN|UNIVIE|False|HES|WIEN|AT|http://www.univie.ac.at|https://ec.europa.eu/info/funding-tenders/opportunities/portal/screen/contact-form/project/999866883/101259077|5|participant|599632.5
101259077|Twinkle Bioscience|The Twinkle Factory|True|PRC|Paris|FR||https://ec.europa.eu/info/funding-tenders/opportunities/portal/screen/contact-form/project/898781049/101259077|4|participant|600000.0
101259077|KATHOLIEKE UNIVERSITEIT LEUVEN|KU Leuven|False|HES|LEUVEN|BE|http://www.kuleuven.be|https://ec.europa.eu/info/funding-tenders/opportunities/portal/screen/contact-form/project/999991334/101259077|3|participant|599525.0
101259077|UNIVERSITAET BIELEFELD|UNIBI|False|HES|BIELEFELD|DE|http://www.uni-bielefeld.de|https://ec.europa.eu/info/funding-tenders/opportunities/portal/screen/contact-form/project/999854370/101259077|1|coordinator|799800.0
101259077|PicoQuant GmbH|PQ|True|PRC|Berlin|DE|https://www.picoquant.com|https://ec.europa.eu/info/funding-tenders/opportunities/portal/screen/contact-form/project/996850959/101259077|2|participant|399250.0
101221404|ARCSEC||True|PRC|Kuurne|BE||https://ec.europa.eu/info/funding-tenders/opportunities/portal/screen/contact-form/project/883780969/101221404|2|participant|822013.38
101221404|POLITECNICO DI MILANO|POLIMI|False|HES|Milano|IT|http://www.polimi.it|https://ec.europa.eu/info/funding-tenders/opportunities/portal/screen/contact-form/project/999879881/101221404|1|coordinator|2135743.75
101257928|THE CHANCELLOR MASTERS AND SCHOLARS OF THE UNIVERSITY OF CAMBRIDGE||False|HES|CAMBRIDGE|UK|http://www.cam.ac.uk|https://ec.europa.eu/info/funding-tenders/opportunities/portal/screen/contact-form/project/999977172/101257928|1|coordinator|898075.0
101257928|FONDAZIONE ISTITUTO ITALIANO DI TECNOLOGIA|IIT|False|REC|Genova|IT|http://www.iit.it|https://ec.europa.eu/info/funding-tenders/opportunities/portal/screen/contact-form/project/999596447/101257928|2|participant|1047375.0
101257928|UNIVERSITE DE MONS|UMONS|False|HES|Mons|BE|http://www.umons.ac.be|https://ec.europa.eu/info/funding-tenders/opportunities/portal/screen/contact-form/project/990884004/101257928|3|participant|506250.0
101257928|MAXWELL BIOSYSTEMS AG||True|PRC|ZURICH|CH||https://ec.europa.eu/info/funding-tenders/opportunities/portal/screen/contact-form/project/917311929/101257928|4|participant|548278.0
101220926|UNIVERSITY OF BATH|UBAH|False|HES|BATH|UK|http://www.bath.ac.uk/|https://ec.europa.eu/info/funding-tenders/opportunities/portal/screen/contact-form/project/999842924/101220926|2|participant|895242.48
101220926|THE UNIVERSITY OF MANCHESTER|UNIVERSITY OF MANCHESTER|False|HES|Manchester|UK|http://www.manchester.ac.uk|https://ec.europa.eu/info/funding-tenders/opportunities/portal/screen/contact-form/project/999903840/101220926|3|participant|760945.51
101220926|EUROPEAN SYNCHROTRON RADIATION FACILITY|INSTALLATION EUROPEENNE DE RAYONNEMENT SYNCHROTON|False|REC|Grenoble|FR|http://www.esrf.fr|https://ec.europa.eu/info/funding-tenders/opportunities/portal/screen/contact-form/project/999484121/101220926|4|participant|985782.45
101220926|UNIVERSIDAD DE MALAGA|UMA|False|HES|MALAGA|ES|http://www.uma.es|https://ec.europa.eu/info/funding-tenders/opportunities/portal/screen/contact-form/project/999898311/101220926|1|coordinator|1401914.8
101257710|NordicBlue|NordicBlue ApS|True|PRC|Humlebæk|DK||https://ec.europa.eu/info/funding-tenders/opportunities/portal/screen/contact-form/project/871776346/101257710|3|participant|1443808.75
101257710|NEAGU ALEXANDRU-VALENTIN|BEE GRANTED|True|PRC|De Bilt|NL||https://ec.europa.eu/info/funding-tenders/opportunities/portal/screen/contact-form/project/896476232/101257710|4|participant|90220.0
101257710|AALTO KORKEAKOULUSAATIO SR|AALTO|False|HES|Espoo|FI|http://www.aalto.fi/en/|https://ec.europa.eu/info/funding-tenders/opportunities/portal/screen/contact-form/project/991256096/101257710|2|participant|841681.21
101257710|UNIVERSITA CA' FOSCARI  VENEZIA|UNIVE|False|HES|VENEZIA|IT|http://www.unive.it|https://ec.europa.eu/info/funding-tenders/opportunities/portal/screen/contact-form/project/999897341/101257710|1|coordinator|623435.04
101291297|CELARE QUANTUM COMMUNICATIONS APS||True|PRC|FREDERISKSBERG|DK||https://ec.europa.eu/info/funding-tenders/opportunities/portal/screen/contact-form/project/871402993/101291297|1|coordinator|2498823.5
101258353|LULEA TEKNISKA UNIVERSITET|LTU|False|HES|LULEA|SE|http://www.ltu.se|https://ec.europa.eu/info/funding-tenders/opportunities/portal/screen/contact-form/project/999876874/101258353|1|coordinator|633125.0
101258353|LUNDS UNIVERSITET||False|HES|Lund|SE|http://www.lu.se|https://ec.europa.eu/info/funding-tenders/opportunities/portal/screen/contact-form/project/999901318/101258353|2|participant|605000.0
101258353|HEWLETT PACKARD ENTERPRISE BELGIUM||False|PRC|Diegem|BE||https://ec.europa.eu/info/funding-tenders/opportunities/portal/screen/contact-form/project/895247824/101258353|7|participant|518125.0
101258353|UNIVERSIDAD DE OVIEDO|UNIOVI|False|HES|OVIEDO|ES|http://www.uniovi.es|https://ec.europa.eu/info/funding-tenders/opportunities/portal/screen/contact-form/project/999848647/101258353|4|participant|246875.0
101258353|UNIVERSIDAD DE CANTABRIA||False|HES|SANTANDER|ES|http://www.unican.es|https://ec.europa.eu/info/funding-tenders/opportunities/portal/screen/contact-form/project/999880075/101258353|6|participant|221875.0
101258353|TECHNISCHE UNIVERSITEIT EINDHOVEN|TU/e|False|HES|Eindhoven|NL|http://www.tue.nl/en|https://ec.europa.eu/info/funding-tenders/opportunities/portal/screen/contact-form/project/999977269/101258353|3|participant|655753.75
101258353|ISTITUTO NAZIONALE DI FISICA NUCLEARE|INFN|False|REC|Frascati|IT|http://www.infn.it|https://ec.europa.eu/info/funding-tenders/opportunities/portal/screen/contact-form/project/999992789/101258353|5|participant|248750.0
101284471|60ND SL|60ND|True|PRC|LEGANES|ES||https://ec.europa.eu/info/funding-tenders/opportunities/portal/screen/contact-form/project/870471405/101284471|1|coordinator|2394825.7
101284471|UNIVERSIDAD CARLOS III DE MADRID|UC3M|False|HES|Getafe (Madrid)|ES|http://www.uc3m.es|https://ec.europa.eu/info/funding-tenders/opportunities/portal/screen/contact-form/project/999899572/101284471|1|thirdParty|0.0
101258189|DECHEMA GESELLSCHAFT FUR CHEMISCHETECHNIK UND BIOTECHNOLOGIE||False|REC|Frankfurt|DE|http://www.dechema.de|https://ec.europa.eu/info/funding-tenders/opportunities/portal/screen/contact-form/project/999511184/101258189|7|participant|207625.0
101258189|UNIVERSITEIT LEIDEN|ULEI|False|HES|Leiden|NL|http://www.universiteitleiden.nl|https://ec.europa.eu/info/funding-tenders/opportunities/portal/screen/contact-form/project/999974553/101258189|3|participant|265000.0
101258189|COMMISSARIAT A L ENERGIE ATOMIQUE ET AUX ENERGIES ALTERNATIVES|CEA|False|REC|Paris|FR|https://www.cea.fr|https://ec.europa.eu/info/funding-tenders/opportunities/portal/screen/contact-form/project/999992401/101258189|4|participant|224998.6
101258189|IN SRL|INSOCIETY|True|PRC|UDINE|IT||https://ec.europa.eu/info/funding-tenders/opportunities/portal/screen/contact-form/project/983078414/101258189|6|participant|320000.0
101258189|CHARITE - UNIVERSITAETSMEDIZIN BERLIN||False|HES|Berlin|DE|http://www.charite.de|https://ec.europa.eu/info/funding-tenders/opportunities/portal/screen/contact-form/project/999992692/101258189|1|coordinator|920176.25
101258189|DANMARKS TEKNISKE UNIVERSITET|TECHNICAL UNIVERSITY OF DENMARK DTU|False|HES|KONGENS LYNGBY|DK|http://www.dtu.dk|https://ec.europa.eu/info/funding-tenders/opportunities/portal/screen/contact-form/project/999990655/101258189|5|participant|541312.5
101258189|HAUTE ECOLE SPECIALISEE DE SUISSE OCCIDENTALE|HES-SO|False|HES|Delemont|CH|https://www.hes-so.ch|https://ec.europa.eu/info/funding-tenders/opportunities/portal/screen/contact-form/project/999479659/101258189|8|participant|391250.0
101258189|MAX-PLANCK-GESELLSCHAFT ZUR FORDERUNG DER WISSENSCHAFTEN EV|MPG|False|REC|MUNCHEN|DE|http://www.mpg.de|https://ec.europa.eu/info/funding-tenders/opportunities/portal/screen/contact-form/project/999990267/101258189|2|participant|265000.0
101258419|MUNSTER TECHNOLOGICAL UNIVERSITY||False|HES|Cork|IE||https://ec.europa.eu/info/funding-tenders/opportunities/portal/screen/contact-form/project/892106673/101258419|1|coordinator|861625.0
101258419|UNIVERSITY OF KENT|UNIKENT|False|HES|Canterbury, Kent|UK|https://www.kent.ac.uk|https://ec.europa.eu/info/funding-tenders/opportunities/portal/screen/contact-form/project/999841275/101258419|2|participant|855000.0
101258419|UNIVERSITY COLLEGE CORK -  NATIONAL UNIVERSITY OF IRELAND, CORK|UCC|False|HES|Cork|IE|http://www.ucc.ie|https://ec.europa.eu/info/funding-tenders/opportunities/portal/screen/contact-form/project/999975717/101258419|3|participant|756875.0
101258419|CenterVue S.p.A.||True|PRC|PADOVA|IT||https://ec.europa.eu/info/funding-tenders/opportunities/portal/screen/contact-form/project/868216252/101258419|4|participant|526000.0
101181686|TOUCH TD LTD|Touch TD|True|PRC|LONDON|UK||https://ec.europa.eu/info/funding-tenders/opportunities/portal/screen/contact-form/project/941828873/101181686|8|participant|275906.25
101181686|NOFIMA AS|NOFIMA|False|REC|Tromso|NO|http://www.nofima.no|https://ec.europa.eu/info/funding-tenders/opportunities/portal/screen/contact-form/project/963474423/101181686|5|participant|344670.63
101181686|LUONNONVARAKESKUS|LUKE - NATURAL RESOURCES INSTITUTE FINLAND|False|REC|Helsinki|FI|http://www.luke.fi|https://ec.europa.eu/info/funding-tenders/opportunities/portal/screen/contact-form/project/934887262/101181686|1|coordinator|510625.0
101181686|UMEA UNIVERSITET||False|HES|UMEA|SE|http://www.umu.se|https://ec.europa.eu/info/funding-tenders/opportunities/portal/screen/contact-form/project/999881821/101181686|3|participant|363075.0
101181686|HOLASKOLI HASKOLINN A HOLUM|HOLAR UNIVERSITY COLLEGE|False|HES|Saudarkrokur|IS||https://ec.europa.eu/info/funding-tenders/opportunities/portal/screen/contact-form/project/969226426/101181686|2|participant|329062.5
101181686|GRONLANDS NATURINSTITUT||False|REC|Nuuk|GL||https://ec.europa.eu/info/funding-tenders/opportunities/portal/screen/contact-form/project/998297908/101181686|4|participant|389375.0
101181686|HASKOLI ISLANDS|University of Iceland|False|HES|Reykjavik|IS|http://www.hi.is|https://ec.europa.eu/info/funding-tenders/opportunities/portal/screen/contact-form/project/999884246/101181686|6|participant|277375.0
101181686|AALBORG UNIVERSITET|AAU|False|HES|AALBORG|DK|http://www.aau.dk|https://ec.europa.eu/info/funding-tenders/opportunities/portal/screen/contact-form/project/999904034/101181686|7|participant|319406.25
101216412|UNIVERSITEIT ANTWERPEN|UANTWERPEN|False|HES|Antwerpen|BE|http://www.ua.ac.be|https://ec.europa.eu/info/funding-tenders/opportunities/portal/screen/contact-form/project/999902870/101216412|2|participant|521045.0
101216412|EMPACT||True|OTH|Antwerpen|BE||https://ec.europa.eu/info/funding-tenders/opportunities/portal/screen/contact-form/project/887166657/101216412|3|participant|326020.0
101216412|ERASMUS UNIVERSITEIT ROTTERDAM|EUR|False|HES|Rotterdam|NL|http://www.eur.nl|https://ec.europa.eu/info/funding-tenders/opportunities/portal/screen/contact-form/project/999839335/101216412|1|coordinator|640133.75
101216412|STICHTING CULTUURWERKPLAATS TARWEWIJK|STICHTING CULTUURWERKPLAATS TARWEWIJK|False|OTH|Rotterdam|NL||https://ec.europa.eu/info/funding-tenders/opportunities/portal/screen/contact-form/project/877015510/101216412|4|participant|322250.0
101216412|TECHNISCHE UNIVERSITEIT DELFT|TU Delft|False|HES|DELFT|NL|http://www.tudelft.nl|https://ec.europa.eu/info/funding-tenders/opportunities/portal/screen/contact-form/project/999977366/101216412|5|participant|190210.0
101216923|FCG FINNISH CONSULTING GROUP OY||False|PRC|Helsinki|FI||https://ec.europa.eu/info/funding-tenders/opportunities/portal/screen/contact-form/project/891567256/101216923|5|participant|197031.0
101216923|TAMPEREEN KORKEAKOULUSAATIO SR|TAMPERE UNIVERSITY|False|HES|TAMPERE|FI|http://www.tuni.fi|https://ec.europa.eu/info/funding-tenders/opportunities/portal/screen/contact-form/project/902999288/101216923|1|coordinator|871067.5
101216923|TAMPEREEN KAUPUNKI|TAMMERFORS STADCITY OF TAMPERE|False|PUB|Tampere|FI||https://ec.europa.eu/info/funding-tenders/opportunities/portal/screen/contact-form/project/998829080/101216923|4|participant|159998.75
101216923|TAMPEREEN AMMATTIKORKEAKOULU OY|TAMPERE UNIVERSITY OF APPLIED SCIENCES LTD|False|HES|Tampere|FI||https://ec.europa.eu/info/funding-tenders/opportunities/portal/screen/contact-form/project/986178728/101216923|2|participant|511750.0
101216923|EKOKUMPPANIT OY||False|OTH|TAMPERE|FI||https://ec.europa.eu/info/funding-tenders/opportunities/portal/screen/contact-form/project/936441008/101216923|3|participant|260000.0
101223335|SIKA FRANCE SAS|SIKA FRANCE|False|PRC|Le Bourget|FR||https://ec.europa.eu/info/funding-tenders/opportunities/portal/screen/contact-form/project/917364115/101223335|3|participant|1250202.0
101223335|BUREAU INTERNATIONAL DU BETON MANUFACTURE|BIBM|True|OTH|BRUXELLES|BE|https://www.bibm.eu|https://ec.europa.eu/info/funding-tenders/opportunities/portal/screen/contact-form/project/953676744/101223335|2|participant|447125.0
101223335|UNIVERSITE PARIS-SACLAY||False|HES|GIF-SUR-YVETTE|FR||https://ec.europa.eu/info/funding-tenders/opportunities/portal/screen/contact-form/project/897067059/101223335|1|thirdParty|0.0
101223335|CNRS INNOVATION||False|PRC|BOULOGNE-BILLANCOURT|FR|http://www.frinnov.fr|https://ec.europa.eu/info/funding-tenders/opportunities/portal/screen/contact-form/project/998423814/101223335|1|thirdParty|0.0
101223335|MC PREFABBRICATI SPA||False|PRC|Cardano Al Campo|IT||https://ec.europa.eu/info/funding-tenders/opportunities/portal/screen/contact-form/project/923782508/101223335|4|participant|262623.75
101223335|CENTRE NATIONAL DE LA RECHERCHE SCIENTIFIQUE CNRS|CNRS|False|REC|PARIS|FR|http://www.cnrs.fr|https://ec.europa.eu/info/funding-tenders/opportunities/portal/screen/contact-form/project/999997930/101223335|1|coordinator|2298625.2
101223335|MABA FERTIGTEILINDUSTRIE GMBH||False|PRC|Wollersdorf|AT||https://ec.europa.eu/info/funding-tenders/opportunities/portal/screen/contact-form/project/875717553/101223335|5|participant|262623.75
101221259|ARCELORMITTAL MAIZIERES RESEARCH||False|PRC|SAINT DENIS|FR|http://www.arcelormittal.com|https://ec.europa.eu/info/funding-tenders/opportunities/portal/screen/contact-form/project/998756912/101221259|3|participant|325600.0
101221259|INSTITUT NATIONAL DES SCIENCES APPLIQUEES DE TOULOUSE|INSA TOULOUSE|False|HES|Toulouse|FR|http://www.insa-toulouse.fr|https://ec.europa.eu/info/funding-tenders/opportunities/portal/screen/contact-form/project/999869405/101221259|4|thirdParty|0.0
101221259|EIDGENOESSISCHE TECHNISCHE HOCHSCHULE ZUERICH|ETH Zürich|False|HES|Zuerich|CH|https://www.ethz.ch|https://ec.europa.eu/info/funding-tenders/opportunities/portal/screen/contact-form/project/999979015/101221259|8|associatedPartner|
101221259|ECOCEM MATERIALS LIMITED|ECOCEM MATERIALS LIMITED|False|PRC|DUBLIN|IE||https://ec.europa.eu/info/funding-tenders/opportunities/portal/screen/contact-form/project/937330013/101221259|1|coordinator|726830.24
101221259|FEHS-INSTITUT FUR BAUSTOFF-FORSCHUNG EV|FEHS|False|REC|Duisburg|DE|http://www.fehs.de|https://ec.europa.eu/info/funding-tenders/opportunities/portal/screen/contact-form/project/961436453/101221259|5|participant|681281.99
101221259|ARCELORMITTAL INNOVACION INVESTIGACION E INVERSION SL|AMIII|False|PRC|Gozon|ES||https://ec.europa.eu/info/funding-tenders/opportunities/portal/screen/contact-form/project/954725314/101221259|2|participant|296140.0
101221259|CENTRE NATIONAL DE LA RECHERCHE SCIENTIFIQUE CNRS|CNRS|False|REC|PARIS|FR|http://www.cnrs.fr|https://ec.europa.eu/info/funding-tenders/opportunities/portal/screen/contact-form/project/999997930/101221259|6|participant|520300.0
101221259|UNIVERSITE DE TOULOUSE|UNIVERSITE DE TOULOUSE|False|HES|Toulouse|FR||https://ec.europa.eu/info/funding-tenders/opportunities/portal/screen/contact-form/project/873615272/101221259|4|participant|742643.75
101221259|HELMHOLTZ-ZENTRUM DRESDEN-ROSSENDORF EV|HZDR|False|REC|Dresden|DE|https://www.hzdr.de|https://ec.europa.eu/info/funding-tenders/opportunities/portal/screen/contact-form/project/999470541/101221259|7|participant|698750.0
101259117|KUNGLIGA TEKNISKA HOEGSKOLAN|KTH|False|HES|STOCKHOLM|SE|http://www.kth.se|https://ec.europa.eu/info/funding-tenders/opportunities/portal/screen/contact-form/project/999990946/101259117|3|participant|450881.25
101259117|THE PROVOST, FELLOWS, FOUNDATION SCHOLARS & THE OTHER MEMBERS OF BOARD, OF THE COLLEGE OF THE HOLY & UNDIVIDED TRINITY OF QUEEN ELIZABETH NEAR DUBLIN|TRINITY COLLEGE DUBLIN|False|HES|Dublin|IE|http://www.tcd.ie|https://ec.europa.eu/info/funding-tenders/opportunities/portal/screen/contact-form/project/999845446/101259117|2|participant|601342.5
101259117|Remedy SAS|Remedy|True|PRC|Strasbourg|FR||https://ec.europa.eu/info/funding-tenders/opportunities/portal/screen/contact-form/project/872200430/101259117|4|participant|602125.0
101259117|DAIMANTEL FRANCE|DAIMANTEL FRANCE|False|PRC|FLORANGE|FR||https://ec.europa.eu/info/funding-tenders/opportunities/portal/screen/contact-form/project/882961513/101259117|5|participant|497347.0
101259117|UNIVERSITE DE STRASBOURG|UNISTRA|False|HES|STRASBOURG|FR|http://www.unistra.fr|https://ec.europa.eu/info/funding-tenders/opportunities/portal/screen/contact-form/project/996569950/101259117|1|thirdParty|0.0
101259117|CENTRE NATIONAL DE LA RECHERCHE SCIENTIFIQUE CNRS|CNRS|False|REC|PARIS|FR|http://www.cnrs.fr|https://ec.europa.eu/info/funding-tenders/opportunities/portal/screen/contact-form/project/999997930/101259117|1|coordinator|839920.0
101257982|FUNDACIO INSTITUT DE CIENCIES FOTONIQUES|ICFO-CERCA|False|REC|Castelldefels|ES|http://www.icfo.eu|https://ec.europa.eu/info/funding-tenders/opportunities/portal/screen/contact-form/project/999619436/101257982|1|coordinator|1120065.0
101257982|RHEINISCH-WESTFAELISCHE TECHNISCHE HOCHSCHULE AACHEN|RWTH AACHEN|False|HES|Aachen|DE|http://www.rwth-aachen.de|https://ec.europa.eu/info/funding-tenders/opportunities/portal/screen/contact-form/project/999983962/101257982|4|participant|1097452.5
101257982|ZURICH INSTRUMENTS AG||True|PRC|Zurich|CH|http://www.zhinst.com|https://ec.europa.eu/info/funding-tenders/opportunities/portal/screen/contact-form/project/991495880/101257982|3|participant|353750.0
101257982|CENTRE NATIONAL DE LA RECHERCHE SCIENTIFIQUE CNRS|CNRS|False|REC|PARIS|FR|http://www.cnrs.fr|https://ec.europa.eu/info/funding-tenders/opportunities/portal/screen/contact-form/project/999997930/101257982|2|participant|501322.5
101257628|IMPERIAL COLLEGE OF SCIENCE TECHNOLOGY AND MEDICINE||False|HES|London|UK|http://www.imperial.ac.uk|https://ec.europa.eu/info/funding-tenders/opportunities/portal/screen/contact-form/project/999993468/101257628|3|participant|549985.75
101257628|UNIVERSITEIT GENT|UGent|False|HES|GENT|BE|http://www.ugent.be|https://ec.europa.eu/info/funding-tenders/opportunities/portal/screen/contact-form/project/999986096/101257628|2|participant|549916.25
101257628|UNIVERSITE CATHOLIQUE DE LOUVAIN|UCLouvain|False|HES|LOUVAIN LA NEUVE|BE|http://www.uclouvain.be|https://ec.europa.eu/info/funding-tenders/opportunities/portal/screen/contact-form/project/999980664/101257628|1|coordinator|800000.0
101257628|UNIVERSITA DEGLI STUDI DI TORINO|UNITO|False|HES|TORINO|IT|http://www.unito.it|https://ec.europa.eu/info/funding-tenders/opportunities/portal/screen/contact-form/project/999861936/101257628|4|participant|543865.0
101257628|MAX-PLANCK-GESELLSCHAFT ZUR FORDERUNG DER WISSENSCHAFTEN EV|MPG|False|REC|MUNCHEN|DE|http://www.mpg.de|https://ec.europa.eu/info/funding-tenders/opportunities/portal/screen/contact-form/project/999990267/101257628|5|participant|550000.0
101223193|REDOXME AB||True|PRC|NORRKOPING|SE||https://ec.europa.eu/info/funding-tenders/opportunities/portal/screen/contact-form/project/883665442/101223193|4|participant|543500.0
101223193|UNIVERSITEIT TWENTE|UNIVERSITEIT TWENTE|False|HES|Enschede|NL|http://www.utwente.nl|https://ec.europa.eu/info/funding-tenders/opportunities/portal/screen/contact-form/project/999900833/101223193|2|participant|834980.0
101223193|UNIVERSITY OF LIMERICK|UNIVERSITY OF LIMERICK|False|HES|Limerick|IE|http://www.ul.ie|https://ec.europa.eu/info/funding-tenders/opportunities/portal/screen/contact-form/project/999809071/101223193|5|participant|480140.0
101223193|LUXEMBOURG INSTITUTE OF SCIENCE AND TECHNOLOGY|LIST|False|REC|Esch Sur Alzette|LU|http://www.list.lu|https://ec.europa.eu/info/funding-tenders/opportunities/portal/screen/contact-form/project/934320200/101223193|1|coordinator|1225738.97
101223193|CENTRE NATIONAL DE LA RECHERCHE SCIENTIFIQUE CNRS|CNRS|False|REC|PARIS|FR|http://www.cnrs.fr|https://ec.europa.eu/info/funding-tenders/opportunities/portal/screen/contact-form/project/999997930/101223193|3|participant|654917.5
101223193|B.T.G. BIOMASS TECHNOLOGY GROUP BV|BTG|True|PRC|ENSCHEDE|NL|https://www.btgworld.com|https://ec.europa.eu/info/funding-tenders/opportunities/portal/screen/contact-form/project/999744081/101223193|6|participant|258125.0
101257413|MULTI CHANNEL SYSTEMS MCS GMBH|MCS|True|PRC|REUTLINGEN|DE|https://www.multichannelsystems.com|https://ec.europa.eu/info/funding-tenders/opportunities/portal/screen/contact-form/project/998813657/101257413|3|participant|651061.0
101257413|NATURWISSENSCHAFTLICHES UND MEDIZINISCHES INSTITUT AN DER UNIVERSITAET TUEBINGEN|NMI|False|REC|Reutlingen|DE|http://www.nmi.de|https://ec.europa.eu/info/funding-tenders/opportunities/portal/screen/contact-form/project/998796003/101257413|2|participant|633750.0
101257413|MEDIZINISCHE HOCHSCHULE HANNOVER|MHH|False|HES|Hannover|DE|http://www.mh-hannover.de|https://ec.europa.eu/info/funding-tenders/opportunities/portal/screen/contact-form/project/999878426/101257413|1|coordinator|695000.0
101257413|FORESEE BIOSYSTEMS SRL||True|PRC|Genova|IT||https://ec.europa.eu/info/funding-tenders/opportunities/portal/screen/contact-form/project/891339015/101257413|4|participant|531125.0
101257413|UNIVERSITAT POLITECNICA DE VALENCIA|UPV|False|HES|VALENCIA|ES|http://www.upv.es|https://ec.europa.eu/info/funding-tenders/opportunities/portal/screen/contact-form/project/999864846/101257413|5|participant|482500.0
101259183|STICHTING RADBOUD UNIVERSITEIT||False|HES|Nijmegen|NL|http://www.radboudumc.nl|https://ec.europa.eu/info/funding-tenders/opportunities/portal/screen/contact-form/project/999992110/101259183|5|participant|403063.0
101259183|IBM RESEARCH GMBH|IBM|False|PRC|RUESCHLIKON|CH|http://www.zurich.ibm.com|https://ec.europa.eu/info/funding-tenders/opportunities/portal/screen/contact-form/project/999909854/101259183|3|participant|595035.0
101259183|UNIVERSITEIT TWENTE|UNIVERSITEIT TWENTE|False|HES|Enschede|NL|http://www.utwente.nl|https://ec.europa.eu/info/funding-tenders/opportunities/portal/screen/contact-form/project/999900833/101259183|1|coordinator|1066250.0
101259183|RUPRECHT-KARLS-UNIVERSITAET HEIDELBERG|UHEI|False|HES|Heidelberg|DE|http://www.uni-heidelberg.de|https://ec.europa.eu/info/funding-tenders/opportunities/portal/screen/contact-form/project/999987648/101259183|2|participant|500000.0
101259183|ENLIGHTRA SARL||True|PRC|Renens|CH||https://ec.europa.eu/info/funding-tenders/opportunities/portal/screen/contact-form/project/907376995/101259183|6|participant|258000.0
101259183|THE CHANCELLOR, MASTERS AND SCHOLARS OF THE UNIVERSITY OF OXFORD|UOXF|False|HES|Oxford|UK|http://www.ox.ac.uk|https://ec.europa.eu/info/funding-tenders/opportunities/portal/screen/contact-form/project/999984350/101259183|4|participant|511546.25
101223135|PAEBBL AB||False|PRC|Stockholm|SE||https://ec.europa.eu/info/funding-tenders/opportunities/portal/screen/contact-form/project/879056390/101223135|1|coordinator|832334.38
101223135|PREFABRICADOS TECNYCONTA S.L.|PREFABRICADOS TECNYCONTA|False|PRC|TAUSTE|ES||https://ec.europa.eu/info/funding-tenders/opportunities/portal/screen/contact-form/project/944415475/101223135|6|participant|109925.0
101223135|HOLCIM TECHNOLOGY LTD|HTEC|False|PRC|Zug|CH|https://www.holcim.com|https://ec.europa.eu/info/funding-tenders/opportunities/portal/screen/contact-form/project/950315694/101223135|7|associatedPartner|
101223135|AGENCIA ESTATAL CONSEJO SUPERIOR DE INVESTIGACIONES CIENTIFICAS|CSIC|False|REC|MADRID|ES|http://www.csic.es|https://ec.europa.eu/info/funding-tenders/opportunities/portal/screen/contact-form/project/999991722/101223135|5|participant|356875.0
101223135|KARLSRUHER INSTITUT FUER TECHNOLOGIE|KIT|False|HES|Karlsruhe|DE|https://www.kit.edu|https://ec.europa.eu/info/funding-tenders/opportunities/portal/screen/contact-form/project/990797674/101223135|3|participant|1057325.0
101223135|PAEBBL BV|Paebbl BV|True|PRC|Rotterdam|NL||https://ec.europa.eu/info/funding-tenders/opportunities/portal/screen/contact-form/project/882103936/101223135|1|thirdParty|0.0
101223135|KATHOLIEKE UNIVERSITEIT LEUVEN|KU Leuven|False|HES|LEUVEN|BE|http://www.kuleuven.be|https://ec.europa.eu/info/funding-tenders/opportunities/portal/screen/contact-form/project/999991334/101223135|4|participant|482475.0
101223135|TECHNISCHE UNIVERSITEIT DELFT|TU Delft|False|HES|DELFT|NL|http://www.tudelft.nl|https://ec.europa.eu/info/funding-tenders/opportunities/portal/screen/contact-form/project/999977366/101223135|2|participant|1158500.06
101236115|UNIVERSITEIT ANTWERPEN|UANTWERPEN|False|HES|Antwerpen|BE|http://www.ua.ac.be|https://ec.europa.eu/info/funding-tenders/opportunities/portal/screen/contact-form/project/999902870/101236115|5|participant|701775.0
101236115|LUDWIG-MAXIMILIANS-UNIVERSITAET MUENCHEN|LMU MUENCHEN|False|HES|MUNCHEN|DE|http://www.uni-muenchen.de|https://ec.europa.eu/info/funding-tenders/opportunities/portal/screen/contact-form/project/999978433/101236115|6|participant|350000.0
101236115|AGENCIA ESTATAL CONSEJO SUPERIOR DE INVESTIGACIONES CIENTIFICAS|CSIC|False|REC|MADRID|ES|http://www.csic.es|https://ec.europa.eu/info/funding-tenders/opportunities/portal/screen/contact-form/project/999991722/101236115|2|participant|848125.0
101236115|FUNDACION PARA EL DESARROLLO DE LAS NUEVAS TECNOLOGIAS DEL HIDROGENO EN ARAGON|FHA|False|REC|Huesca|ES|https://www.hidrogenoaragon.org|https://ec.europa.eu/info/funding-tenders/opportunities/portal/screen/contact-form/project/997456918/101236115|1|coordinator|960825.0
101236115|ALIENOREU SPRL||True|PRC|BRUXELLES|BE|http://www.alienoreu.com|https://ec.europa.eu/info/funding-tenders/opportunities/portal/screen/contact-form/project/951662442/101236115|7|participant|258000.0
101236115|CENTRE NATIONAL DE LA RECHERCHE SCIENTIFIQUE CNRS|CNRS|False|REC|PARIS|FR|http://www.cnrs.fr|https://ec.europa.eu/info/funding-tenders/opportunities/portal/screen/contact-form/project/999997930/101236115|3|participant|493317.0
101236115|FUNDACION BCMATERIALS -  BASQUE CENTRE FOR MATERIALS, APPLICATIONS AND NANOSTRUCTURES|BCMATERIALS|False|REC|LEIOA|ES||https://ec.europa.eu/info/funding-tenders/opportunities/portal/screen/contact-form/project/928273511/101236115|4|participant|416260.0
101221957|FRAUNHOFER GESELLSCHAFT ZUR FORDERUNG DER ANGEWANDTEN FORSCHUNG EV|Fraunhofer|False|REC|MUNCHEN|DE|https://www.fraunhofer.de|https://ec.europa.eu/info/funding-tenders/opportunities/portal/screen/contact-form/project/999984059/101221957|2|participant|971377.29
101221957|ALMA MATER STUDIORUM - UNIVERSITA DI BOLOGNA|UNIBO|False|HES|Bologna|IT|http://www.unibo.it|https://ec.europa.eu/info/funding-tenders/opportunities/portal/screen/contact-form/project/999993953/101221957|1|coordinator|1264386.04
101259120|UNIVERSITEIT ANTWERPEN|UANTWERPEN|False|HES|Antwerpen|BE|http://www.ua.ac.be|https://ec.europa.eu/info/funding-tenders/opportunities/portal/screen/contact-form/project/999902870/101259120|3|participant|570133.75
101259120|INSTITUT NATIONAL DE LA SANTE ET DE LA RECHERCHE MEDICALE|INSERM|False|REC|PARIS|FR|http://www.inserm.fr|https://ec.europa.eu/info/funding-tenders/opportunities/portal/screen/contact-form/project/999997833/101259120|1|thirdParty|0.0
101259120|INVENESIS SARL||False|PRC|St-Blaise|CH||https://ec.europa.eu/info/funding-tenders/opportunities/portal/screen/contact-form/project/904650519/101259120|4|participant|299300.0
101259120|University of Nebraska Medical Center||False|HES|Omaha|US||https://ec.europa.eu/info/funding-tenders/opportunities/portal/screen/contact-form/project/997414820/101259120|5|associatedPartner|
101259120|SCHWEIZERISCHES TROPEN UND PUBLIC HEALTH INSTITUT|SWISS TPH SWISS TROPICAL AND PUBLIC HEALTH INSTITUTE|False|REC|ALLSCHWIL|CH|http://www.swisstph.ch|https://ec.europa.eu/info/funding-tenders/opportunities/portal/screen/contact-form/project/998518583/101259120|2|participant|808625.0
101259120|CENTRE NATIONAL DE LA RECHERCHE SCIENTIFIQUE CNRS|CNRS|False|REC|PARIS|FR|http://www.cnrs.fr|https://ec.europa.eu/info/funding-tenders/opportunities/portal/screen/contact-form/project/999997930/101259120|1|coordinator|1368432.5
101257530|AB MEDICA SPA||False|PRC|Milano|IT||https://ec.europa.eu/info/funding-tenders/opportunities/portal/screen/contact-form/project/895991038/101257530|2|participant|523000.0
101257530|DUBLIN CITY UNIVERSITY|DCU|False|HES|Dublin|IE|http://www.dcu.ie|https://ec.europa.eu/info/funding-tenders/opportunities/portal/screen/contact-form/project/999892588/101257530|5|participant|499633.75
101257530|UNIVERSITA DI PISA|UNIPI|False|HES|PISA|IT|https://www.unipi.it|https://ec.europa.eu/info/funding-tenders/opportunities/portal/screen/contact-form/project/999862712/101257530|1|coordinator|873080.0
101257530|CHARITE - UNIVERSITAETSMEDIZIN BERLIN||False|HES|Berlin|DE|http://www.charite.de|https://ec.europa.eu/info/funding-tenders/opportunities/portal/screen/contact-form/project/999992692/101257530|3|participant|490065.0
101257530|UNIVERSITA DEGLI STUDI DI MODENA E REGGIO EMILIA|UNIMORE|False|HES|MODENA|IT|http://www.unimore.it|https://ec.europa.eu/info/funding-tenders/opportunities/portal/screen/contact-form/project/999840887/101257530|4|participant|531607.5
101292269|UNIVERSITA DI PISA|UNIPI|False|HES|PISA|IT|https://www.unipi.it|https://ec.europa.eu/info/funding-tenders/opportunities/portal/screen/contact-form/project/999862712/101292269|2|thirdParty|0.0
101292269|CONSIGLIO NAZIONALE DELLE RICERCHE|CNR|False|REC|Roma|IT|http://www.cnr.it|https://ec.europa.eu/info/funding-tenders/opportunities/portal/screen/contact-form/project/999979500/101292269|2|participant|782994.49
101292269|PRODEA DEPOLLUTING|PRODEA DEPOLLUTING|True|PRC|La Seyne-sur-Mer|FR||https://ec.europa.eu/info/funding-tenders/opportunities/portal/screen/contact-form/project/890217695/101292269|1|coordinator|1711961.67
101219355|THE CHANCELLOR MASTERS AND SCHOLARS OF THE UNIVERSITY OF CAMBRIDGE||False|HES|CAMBRIDGE|UK|http://www.cam.ac.uk|https://ec.europa.eu/info/funding-tenders/opportunities/portal/screen/contact-form/project/999977172/101219355|1|coordinator|1103809.5
101219355|IMPERIAL COLLEGE OF SCIENCE TECHNOLOGY AND MEDICINE||False|HES|London|UK|http://www.imperial.ac.uk|https://ec.europa.eu/info/funding-tenders/opportunities/portal/screen/contact-form/project/999993468/101219355|2|participant|668400.0
101219355|TECHNISCHE UNIVERSITAET MUENCHEN|TUM|False|HES|Muenchen|DE|http://www.tu-muenchen.de|https://ec.europa.eu/info/funding-tenders/opportunities/portal/screen/contact-form/project/999977463/101219355|5|participant|827020.0
101219355|DANMARKS TEKNISKE UNIVERSITET|TECHNICAL UNIVERSITY OF DENMARK DTU|False|HES|KONGENS LYNGBY|DK|http://www.dtu.dk|https://ec.europa.eu/info/funding-tenders/opportunities/portal/screen/contact-form/project/999990655/101219355|4|participant|698002.13
101219355|SOLAR FOODS OYJ|SOLAR FOODS|True|PRC|VANTAA|FI||https://ec.europa.eu/info/funding-tenders/opportunities/portal/screen/contact-form/project/904147089/101219355|3|participant|702500.0
101258103|CONSORCIO MAR PARC DE SALUT DE BARCELONA|HMRIB-CERCA|False|HES|Barcelona|ES|http://www.imim.es|https://ec.europa.eu/info/funding-tenders/opportunities/portal/screen/contact-form/project/985920320/101258103|2|participant|768000.0
101258103|FUNDACION SECTOR PUBLICO ESTATAL CENTRO NACIONAL INVESTIGACIONES ONCOLOGICAS CARLOS III||False|REC|Madrid|ES|http://www.cnio.es|https://ec.europa.eu/info/funding-tenders/opportunities/portal/screen/contact-form/project/999547850/101258103|1|coordinator|572500.0
101258103|TECHNISCHE UNIVERSITAET MUENCHEN|TUM|False|HES|Muenchen|DE|http://www.tu-muenchen.de|https://ec.europa.eu/info/funding-tenders/opportunities/portal/screen/contact-form/project/999977463/101258103|5|participant|526750.0
101258103|FONDAZIONE PER L'ISTITUTO ONCOLOGICO DI RICERCA (IOR)|FONDAZIONE PER L'ISTITUTO ONCOLOGICO DI RICERCA (IOR)|False|REC|BELLINZONA|CH||https://ec.europa.eu/info/funding-tenders/opportunities/portal/screen/contact-form/project/933168325/101258103|6|participant|486750.0
101258103|VECMEDICAL SPAIN SL|VECMEDICAL SPAIN, S.L.|False|PRC|MONTCADA I REIXAC|ES||https://ec.europa.eu/info/funding-tenders/opportunities/portal/screen/contact-form/project/883711129/101258103|3|participant|538500.0
101258103|FUNDACIO INSTITUT HOSPITAL DEL MAR D INVESTIGACIONS MEDIQUES|HMRIB-CERCA|False|REC|Barcelona|ES|http://www.imim.es|https://ec.europa.eu/info/funding-tenders/opportunities/portal/screen/contact-form/project/999585680/101258103|2|thirdParty|0.0
101258103|UNIVERSITAT POLITECNICA DE VALENCIA|UPV|False|HES|VALENCIA|ES|http://www.upv.es|https://ec.europa.eu/info/funding-tenders/opportunities/portal/screen/contact-form/project/999864846/101258103|4|participant|248125.0
101234842|RWE OFFSHORE WIND GMBH||False|PRC|Essen|DE||https://ec.europa.eu/info/funding-tenders/opportunities/portal/screen/contact-form/project/883697937/101234842|11|participant|196631.0
101234842|UNIVERSITEIT GENT|UGent|False|HES|GENT|BE|http://www.ugent.be|https://ec.europa.eu/info/funding-tenders/opportunities/portal/screen/contact-form/project/999986096/101234842|3|participant|596317.49
101234842|RHEINISCH-WESTFAELISCHE TECHNISCHE HOCHSCHULE AACHEN|RWTH AACHEN|False|HES|Aachen|DE|http://www.rwth-aachen.de|https://ec.europa.eu/info/funding-tenders/opportunities/portal/screen/contact-form/project/999983962/101234842|2|participant|691177.59
101234842|VRIJE UNIVERSITEIT BRUSSEL|VUB|False|HES|BRUSSEL|BE|http://www.vub.ac.be|https://ec.europa.eu/info/funding-tenders/opportunities/portal/screen/contact-form/project/999902094/101234842|8|participant|274708.75
101234842|CIRCULAR SRL||True|PRC|PALERMO|IT||https://ec.europa.eu/info/funding-tenders/opportunities/portal/screen/contact-form/project/888274591/101234842|13|participant|295712.5
101234842|PARKWIND||False|PRC|Leuven|BE||https://ec.europa.eu/info/funding-tenders/opportunities/portal/screen/contact-form/project/928538515/101234842|10|participant|205267.73
101234842|FUNDACIO INSTITUT DE RECERCA EN ENERGIA DE CATALUNYA|IREC-CERCA|False|REC|Sant Adria De Besos|ES|http://www.irec.cat|https://ec.europa.eu/info/funding-tenders/opportunities/portal/screen/contact-form/project/996435993/101234842|5|participant|333945.31
101234842|TECHNISCHE UNIVERSITAT BERLIN|TUB|False|HES|Berlin|DE|http://www.tu-berlin.de|https://ec.europa.eu/info/funding-tenders/opportunities/portal/screen/contact-form/project/999986678/101234842|7|participant|296226.25
101234842|EURONOVIA|Euronovia|True|PRC|PARIS|FR|http://www.euronovia-conseil.eu|https://ec.europa.eu/info/funding-tenders/opportunities/portal/screen/contact-form/project/940140394/101234842|14|participant|208743.75
101234842|NATURAL POWER||False|PRC|Nantes|FR||https://ec.europa.eu/info/funding-tenders/opportunities/portal/screen/contact-form/project/881903340/101234842|12|participant|125342.75
101234842|NORSK INSTITUTT FOR VANNFORSKNING STI|NORWEGIAN INSTITUTE FOR WATER RESEARCH|False|REC|Oslo|NO||https://ec.europa.eu/info/funding-tenders/opportunities/portal/screen/contact-form/project/997826585/101234842|9|participant|200477.5
101234842|UNIVERSITAT AUTONOMA DE BARCELONA|UAB|False|HES|Cerdanyola Del Valles|ES|http://www.uab.es|https://ec.europa.eu/info/funding-tenders/opportunities/portal/screen/contact-form/project/999986484/101234842|4|participant|397062.5
101234842|FRANCE ENERGIES MARINES||True|PRC|PLOUZANE|FR||https://ec.europa.eu/info/funding-tenders/opportunities/portal/screen/contact-form/project/897214208/101234842|1|coordinator|897731.25
101234842|LAPPEENRANNAN-LAHDEN TEKNILLINEN YLIOPISTO LUT|LUT University|False|HES|Lappeenranta|FI|http://www.lut.fi|https://ec.europa.eu/info/funding-tenders/opportunities/portal/screen/contact-form/project/999591209/101234842|6|participant|280442.5
