id|acronym|title|startDate|endDate|totalCost|legalBasis|topics|masterCall|subCall|fundingScheme|objective|grantDoi|cluster
101257710|GREENDIGO|Biosolutions for Denim Dyeing within the Planetary Boundaries|2026-04-01|2030-03-31|2999145|HORIZON.3.1|HORIZON-EIC-2025-PATHFINDEROPEN|HORIZON-EIC-2025-PATHFINDEROPEN|HORIZON-EIC-2025-PATHFINDEROPEN|HORIZON-EIC|The global denim industry, producing over 3 billion pairs of jeans annually, is one of the most chemically intensive sectors in textiles. Conventional indigo dyeing relies on fossil-derived synthetic indigo and toxic reducing agents such as sodium hydrosulfite, resulting in widespread water pollution, hazardous working conditions, and high energy and chemical input. GREENDIGO aims to revolutionise this process by developing the first fully enzymatic, biobased dyeing method for denim that is scalable, safe, and sustainable. The project will replace conventional indigo with a water-soluble precursor, which can be adsorbed onto cotton fibres under mild aqueous conditions. A specific enzyme will catalyse its in-situ conversion to indigo directly on the fabric, eliminating the need for harmful reductants and enabling a cleaner, circular textile value chain. GREENDIGO will combine cutting-edge enzyme engineering, synthetic biology, and textile chemistry with advanced sustainability assessment to ensure the process is economically viable, environmentally safe, and aligned with planetary boundaries. The project applies the EC’s Safe and Sustainable by Design (SSbD) framework from the outset and integrates life cycle analysis, ecotoxicity testing, and absolute sustainability modelling. Outcomes will be benchmarked against current practices, with particular attention to emissions, resource use, and scalability. If successful, GREENDIGO will lay the scientific and technological foundation for a new class of biosourced textile dyes, enabling the reindustrialisation of denim dyeing under strict environmental standards. The project supports key EU priorities, including the Green Deal, the EU Strategy for Sustainable and Circular Textiles, and zero pollution targets.|10.3030/101257710|Other
101257928|NanoFlash|Cell-targeted Biophotonic Nanoparticles for Vision Restoration|2026-05-01|2030-04-30|2999978,75|HORIZON.3.1|HORIZON-EIC-2025-PATHFINDEROPEN|HORIZON-EIC-2025-PATHFINDEROPEN|HORIZON-EIC-2025-PATHFINDEROPEN|HORIZON-EIC|NanoFlash aims to develop disruptive nano-enabled technology to restore damaged neuronal networks through precise stimulation of specific retinal cells. Focusing on non-genetic reactivation of physiological vision, NanoFlash targets treatment of retinitis pigments (RP) and age-related macular degeneration (AMD), both marked by severe retinal degradation and loss of high-resolution vision. Current retinal prostheses suffer from low resolution and indiscriminate activation of inner retina, while ontogenetic strategies targeting ON-bipolar cells (BCs) face significant limitation in efficacy and translational readiness.Circumventing these challenges, NanoFlash will engineer photovoltaic polymer nanoparticles (NPs) functionalist to target mGluR6 receptors, a unigue hallmark on PN-BCs. Using state-of-the-art modelling and bioelectronic in vitro platforms, the project will drive the rational design and optimisation of NPs, tailoring their size, architecture, spectral sensitivity, and transduction efficiency. Advanced organ-on-chip devices will be developed to screen and validate NP targeting and retinal reactivation performance in retinal organdies and explants. Lead NP candidates will then be tested in rod-cone degeneration rodent models, assessing targeting precision, suspension stability, and visual restoration outcomes. NanoFlash represents a major leap forward in retinal prosthetics by restoring the ON/OFF pathway segregation critical for spatial resolution, contrast sensitivity, and motion detection. This highly interdisciplinary effort will push the frontiers of bio-organic optoelectronics and neurophysiology, providing essential preclinical data toward therapies for currently incurable retinal diseases, addressing a pressing unmet medical need in the EU.|10.3030/101257928|Other
101223249|2D-ADDICT|TWO-Dimensional materials for ADvanced DevIces and  low-power CompuTing|2025-11-01|2028-10-31|0|HORIZON.3.1|HORIZON-EIC-2024-PATHFINDERCHALLENGES-01-04|HORIZON-EIC-2024-PATHFINDERCHALLENGES-01|HORIZON-EIC-2024-PATHFINDERCHALLENGES-01|HORIZON-EIC|The grand challenge facing the electronics industry is to find technical solutions that will allow power consumption to be reduced while at the same time increasing the performance and functionalities of electronic chips in the medium to long term (i.e., 10-15 years from now). From an industrial point of view, the way is already paved: the main semiconductor manufacturers (INTEL, Samsung, TSMC) have indeed announced that the next 2 nm technology node (N2) will be realized through the Nanosheet (NS) technology, which represents the next technological leap after the FinFET. The continuation of Moore's Law depends on the ability to further scale the device footprint, which requires the reduction of nanosheet thickness. In this scenario, the 2D-ADDICT project aims to revolutionize nanoelectronics by developing the next generation of energy-efficient devices based on two-dimensional materials (2DMs). These devices will serve as the foundation for smart edge technologies, offering ultra-low power consumption while maintaining high performance. By exploiting the unique properties of 2DMs, such as atomic scale thickness, high carrier mobility and excellent electrostatic control, the project addresses key limitations of traditional semiconductor technology. The 2D-ADDICT project aims to unleash the full potential of 2DMs for the next generation of advanced electronic switches (More Moore), as well as to capture the opportunities offered within the More than Moore paradigm by leveraging 2DMs' compatibility with CMOS technology and their limited thermal budget, compatible with the back-end of line (BEOL) for in-memory processing, opening new avenues for improved circuit density, including novel Non-von Neumann Architecture.||Other
101221404|AstrAware|An On-board Dynamic Vision Sensor Suite for Enhanced Satellite Self and Situational Awareness|2025-10-01|2028-09-30|0|HORIZON.3.1|HORIZON-EIC-2024-PATHFINDERCHALLENGES-01-05|HORIZON-EIC-2024-PATHFINDERCHALLENGES-01|HORIZON-EIC-2024-PATHFINDERCHALLENGES-01|HORIZON-EIC|The current overpopulation of satellites in orbit requires decisive actions to ensure safe operations in the near-Earth environment. These actions are particularly challenging, as only a fraction of objects in orbit are cooperative satellites, while the majority are space debris, which includes inactive satellites, rocket bodies, and fragments of all sizes. Space debris significantly raises the risk of collisions, and its continued increase could render space activities unsustainable in the future. In this context, developing the capability to detect, identify, and track orbiting objects is essential for predicting their trajectories and assessing potential conjunctions with other satellites. Additionally, advancing technologies for proximity operations is vital for enabling large-scale active space debris removal and servicing missions.The AstrAware project aims to contribute to both tasks through a sensor suite that provides long-range and close-range characterization of a detected target. To achieve these two functions, the project will employ a sensor suite that incorporates innovative dynamic vision sensors with novel data processing pipelines. Central to this system is the integration of a neuromorphic camera, optimized for detecting debris through its heightened sensitivity to illumination changes, alongside an adapted star tracker that functions as a dynamic vision sensor. By working together, these sensors not only share data but also enhance each other's performance, providing continuous optical information for both far- and close-range navigation. This synergy allows for precise proximity operations, seamlessly incorporating debris detection and attitude control within a single, efficient sensor suite, delivering significant operational advantages.|10.3030/101221404|Other
101257287|ULTRAPURE|INTEGRATED SOURCES FOR ULTRAPURE OSCILLATIONS FROM ACOUSTICAL TO LIGHT WAVES|2026-02-01|2029-01-31|3054936,25|HORIZON.3.1|HORIZON-EIC-2025-PATHFINDEROPEN|HORIZON-EIC-2025-PATHFINDEROPEN|HORIZON-EIC-2025-PATHFINDEROPEN|HORIZON-EIC|Many high-performance photonics applications with immense potential such as quantum sensing, atomic clocks and THz communications are hindered in their translation from academic research into real-world solutions by the absence of methods to generate oscillations of sufficiently narrow linewidth, high spectral purity and long-term stability in small integrated devices. ULTRAPURE will enable the generation of ultrapure waves in the radiofrequency, microwave, terahertz and optical domain enabled by stimulated Brillouin scattering (SBS) in an integrated thin-film lithium tantalate (TFLT) platform to realise these solutions.Compared to other state-of-the-art materials, TFLT is the first material that promises simultaneous realisation of high SBS gain, narrow linewidth, minimal propagation losses, high integration density and high potential for scalability due to intrinsic material properties such as absence of birefringence, as well as very high optical damage threshold and thermal stability. The high SBS gain in TFLT will be exploited to design chip-scale Brillouin lasers at different wavelengths that achieve a linewidth of around 1 Hz and a side-mode suppression ratio > 40dB, together with additional features such as modulation on-chip. These lasers constitute the basis of the ULTRAPURE applications: A coherent population trapping (CPT) atomic clock that will achieve a stability of <5x10^-13 at 1 s and <2x10^-14 at 1 h, and a volume of 1-3 L, thus overcoming the trade-off between stability and size of current alternatives, and a THz source with linewidths of around 1 Hz, a continuous tuneability from 300GHz to 1 THz, SMSR >50 dB and a precise stabilisation of the generated frequencies. These advances will facilitate breakthroughs in various photonics applications, e.g., leading to the realisation of smart cities, promising substantial benefits for economy, society and environment through high data rate communication and satellite-independent network synchronisation.|10.3030/101257287|Other
101258353|PHINDER|Picosecond-scale Photonic Heterogeneous Integrated Neuromorphic Detector|2026-04-01|2030-03-31|3129503,75|HORIZON.3.1|HORIZON-EIC-2025-PATHFINDEROPEN|HORIZON-EIC-2025-PATHFINDEROPEN|HORIZON-EIC-2025-PATHFINDEROPEN|HORIZON-EIC|Advanced applications—ranging from 5D-imaging particle detectors and proton beam therapy computed tomography, to adaptive chemical process control—generate vast streams of optical data. Whether produced by particle interactions in scintillator materials or by spatiotemporal chemical variations captured in sensor arrays, these data require compression and sub-nanosecond, energy-efficient processing within an integrated system enhanced by artificial intelligence (AI)—capabilities that current technologies cannot deliver. PHINDER’s ambitious goal is to deliver disruptive hardware innovations enabling sub-nanosecond monitoring and real-time data analysis, addressing the unmet needs of next-generation imaging, sensing, and control technologies. PHINDER pioneers a new class of optoelectronic devices that combine picosecond-scale detection with on-chip intelligence by advancing the state of the art in: (i) optoelectronic neuromorphic algorithm-hardware co-design and (ii) multiscale integration of III-V semiconductor nanowire neuromorphic circuits and sensor arrays with programmable on-chip InP photonic integrated circuits. A transdisciplinary team with access to leading cleanroom and high-performance computing facilities will integrate early-stage research components into radically new chip architectures delivering (1) sub-100 ps temporal resolution and latency, (2) ultra-low-energy photonic interconnects below 1 fJ per spike, and (3) unprecedented spatiotemporal resolution beyond current state-of-the-art systems. This high-risk, high-gain vision of a sub-nanosecond event camera with on-chip intelligence addresses Europe’s critical need for low-energy, ultrafast data processing and AI at the edge. By leveraging Europe’s strengths in photonics, PHINDER will enable transformative applications in fundamental science, biomedical technology, chemical processing, and high-speed production—contributing to sustainability, competitiveness, and strategic autonomy.|10.3030/101258353|Other
101257985|SuperICQ|Superconducting Integrated Circuits for Scalable Quantum Systems|2026-03-01|2030-02-28|2998012,75|HORIZON.3.1|HORIZON-EIC-2025-PATHFINDEROPEN|HORIZON-EIC-2025-PATHFINDEROPEN|HORIZON-EIC-2025-PATHFINDEROPEN|HORIZON-EIC|Superconducting circuits based on Josephson junctions (JJs) are the cornerstone of quantum and classical cryogenic electronics, which is an active topic of research and technological development. Conventional JJs rely on electric current or magnetic flux control, which is far less practical as compared to the voltage control used in conventional field-effect transistors underpinning the modern semiconductor industry. Thus, the realisation of scalable gated JJs with local electrostatic control - Josephson field-effect transistors (JoFETs) - is expected to kick off a new era in quantum computing hardware and ultra-fast and low-power computing in the fields of artificial intelligence (AI) and high-performance computing (HPC). Moreover, JoFET technology can provide ultra-low-power superconducting integrated circuits (ICs) for qubit control and readout, unachievable by conventional silicon electronics, to support and enable the ongoing quantum computing revolution.Despite the proof-of-concept demonstrators of JoFETs in various material platforms, reported since the 1980s, the technology has not advanced to the IC level. Empowered by the unique scalable fabrication process for graphene-based JoFETs recently demonstrated by SuperICQ members, we will develop a 200 mm wafer platform for truly scalable superconducting JoFET integrated circuits. With our platform, individual modules will be developed, such as quantum-limited parametric amplifiers, on-chip filters, ultra-sensitive microwave bolometers, voltage-tunable resonators, and multiplexed control and readout modules for scalable interfacing of superconducting qubits. We will validate the developed JoFET ICs by using them for the control and readout of state-of-the-art superconducting qubits. Our project’s ultimate goal is to demonstrate a novel path toward ultra-low-power electronics for scalable control, readout, and interfacing of superconducting quantum computers and advance toward future quantum systems-on-a-chip.|10.3030/101257985|Other
101235287|THUNDER|INNOVATION IN E-MEOH PRODUCTION BY ONE-POT TANDEM PROCESS|2025-10-01|2029-09-30|3992190|HORIZON.2.5|HORIZON-CL5-2024-D3-02-02|HORIZON-CL5-2024-D3-02|HORIZON-CL5-2024-D3-02|HORIZON-RIA|THUNDER aims to develop an innovative, modular solution for e-MeOH production, addressing high costs, energy demand, and inefficiencies of benchmark. Using a one-pot tandem approach, the solution combines three reactions: (1) CO2 and H2O vapor capture, (2) co-electrolysis to produce CO and green H2, and (3) CO2/CO hydrogenation to synthesize e-MeOH. THUNDER will enhance efficiency with multifunctional membranes for CO2 capture, advanced electrocatalysts for CO and H2 production, and thermochemical catalysts for hydrogenating CO2 and CO into e-MeOH.  Using renewable energy and recovering surplus heat, THUNDER will reduce energy consumption compared to benchmark. THUNDER modular design reduces infrastructure costs, optimizes material use, and minimizes reliance on critical raw materials.THUNDER’s impact on process efficiency, cost, sustainability, and renewable energy will be evaluated along the project.  5. It’s expected to be a reduction in green house emission of 75%, 50-60% in CAPEX and 8-16% in OPEX.  Additionally, by recycling CO2/H2O vapor and residual heat from fuel cells, THUNDER facilitates e-MeOH production for fuel cell energy generation, effectively closing the carbon loop and optimizing overall resource and energy efficiency. Key outputs include: (i) advanced materials such as catalysts, membranes, and 3D-printed reactors from recycled titanium, (ii) process intensification, integrating all steps into a unified system, (iii) technology optimization from TRL3 to TRL4 through testing with real and simulated flue gases, and (iv) validation of e-MeOH in fuel cells for mobility and electricity applications.In summary, THUNDER will play a pivotal role in the transition to a sustainable economy, fostering modular, efficient and cost-competitive production of carbon-neutral synthetic fuels production from renewable energies.|10.3030/101235287|Cluster 5
101259018|OutMARCH|OutMARCH-ing cancer: Towards innovative membrane protein degrader modalities for cancer treatment|2026-05-01|2030-04-30|2999050|HORIZON.3.1|HORIZON-EIC-2025-PATHFINDEROPEN|HORIZON-EIC-2025-PATHFINDEROPEN|HORIZON-EIC-2025-PATHFINDEROPEN|HORIZON-EIC|The OutMARCH project pioneers a paradigm-shifting protein degradation technology aimed at transforming the therapeutic landscape for cancer and beyond. By engineering a novel class of bispecific antibodies—SureTACs—that harness membrane-bound E3 ubiquitin ligases to selectively degrade disease-driving surface proteins. This groundbreaking lysosomal-targeting approach offers greater selectivity, durability, and breadth than conventional blocking therapies and, moreover, enables the targeting of previously 'undruggable' proteins. Central to our innovation is the utilization of the MARCH family of membrane-bound E3 ligases—an unconventional class of enzymes with remarkable substrate promiscuity and cancer-selective expression profiles. These properties make MARCH E3s ideal effectors for tissue-specific protein degradation, reducing off-target toxicity and overcoming treatment resistance. To unlock their therapeutic potential, we will develop a modular platform combining antibody engineering, innovative screening technologies, and machine-learning-guided design. The result will be a new class of biologics that direct the body’s own cellular machinery to dispose of harmful proteins.Our initial focus is on two urgent oncology needs: therapy-resistant B-cell lymphomas and difficult-to-treat gastrointestinal cancers. Both cancer types rely on critical cell surface signaling hubs that evade traditional drug targeting. By degrading cancer-driving proteins at the cell surface, we aim to drive tumor-specific protein elimination to achieve durable anti-cancer effects. Using AI-guided antibody design and optimized E3-target pairing screens, OutMARCH will establish the first programmable, modular membrane degrader platform. While currently focused on oncology, this platform has broad potential across autoimmunity, transplantation, and chronic inflammation—paving the way for a new era of programmable degradation in precision medicine.|10.3030/101259018|Other
101259117|REMMIA|REcycling perManent Magnets: an Innovative Approach|2026-03-01|2030-02-28|2991615,75|HORIZON.3.1|HORIZON-EIC-2025-PATHFINDEROPEN|HORIZON-EIC-2025-PATHFINDEROPEN|HORIZON-EIC-2025-PATHFINDEROPEN|HORIZON-EIC|Rare earth elements (REE) are crucial for modern technology, used in batteries, smartphones, electric cars, wind generators, industrial robots, military drones, and medical imaging. Demand for REE in permanent magnets is expected to increase tenfold by 2050. The four magnetic elements Pr, Nd, Dy, Tb account for over 90% of the total value of extracted rare earths. The current processing from mining to magnet manufacture involves costly and environmentally challenging steps. Our project, REMMIA, focuses on finding new recycling solutions for the most critical and least recycled materials in the EU, offering a sustainable alternative to harmful mining processes. We aim to develop a novel fundamental approach to improve the efficiency and flexibility of chemical separations needed to recycle REE permanent magnets. By combining 3d-4f and 4f-4f metal separation based on magneto-electrodeposition and antisolvent extraction, we propose a synergistic blending of two innovative approaches to achieve a technological breakthrough on fine local control of oxide nucleation and precipitation. This can be applied to recycling batches of feedstock of variable size, purity, or composition, and ultimately to raw material processing, utilizing about 25% of annual magnet production available for recycling. We expect to recover over 90% of REEs with more than 99% purity in five cycles, compared to 50-100 cycles in conventional methods, thus saving time and money and allowing to recover 25% of EU's annual REE demand from recycled sources. Our consortium is composed of renowned scientists in magnetism, electrochemistry, and hydrometallurgy, and two promising SMEs, which will be key to our success.|10.3030/101259117|Other
101259120|FeROS|Prodrugs oF antiparasitic RedOx-active compoundS|2026-03-01|2030-02-28|3046491,25|HORIZON.3.1|HORIZON-EIC-2025-PATHFINDEROPEN|HORIZON-EIC-2025-PATHFINDEROPEN|HORIZON-EIC-2025-PATHFINDEROPEN|HORIZON-EIC|With 600,000 deaths per year, malaria remains the most devastating parasitic disease for humans. The efficiency of artemisinin-based combination therapy, the spearhead of malarial treatment, is now threatened by the development of drug resistant parasites displaying enhanced transmission potential to mosquitoes. Chagas disease, leishmaniasis and schistosomiasis are neglected tropical parasitic diseases that are considered as the greatest missed opportunities atop the priorities for WHO. The FeROS project is based on the discovery of promising non-quinonoid chemotypes as precursors of 3-benzylmenadiones, with specific antiparasitic profiles depending on the substitution pattern. FeROS will follow convergent and complementary objectives: (i) to develop innovative and specific antiparasitic prodrugs in specific series of optimized drug-candidates to reach total cures in infected animal models for four human parasitic diseases, (ii) to extend the concept to animal health, (iii) to draw structure-activity relationships in in vitro and in vivo parasite assays, (iv) to build innovative chemical tools to visualize the release of active principles under ROS fluxes, in living parasites upon drug treatment, (v) to decipher the molecular and cellular mechanisms that underlie prodrug antiparasitic activities and selectivity. FeROS is built on the multidisciplinary expertise of 7 laboratories from France, Belgium, Switzerland and USA. In an interdisciplinary approach, we will combine a large set of expertise, ranging from medicinal chemistry, physico(bio)chemistry, proteomics to parasite genetics and molecular and cellular parasitology to optimize the antiparasitic non-quinonoid prodrugs of 3-benzylmenadiones, to unravel their mode of action and take them to early clinical studies.|10.3030/101259120|Other
101223135|C-SINC|Concrete products through sustainable and innovative carbon-storing binders|2025-10-01|2029-09-30|0|HORIZON.3.1|HORIZON-EIC-2024-PATHFINDERCHALLENGES-01-02|HORIZON-EIC-2024-PATHFINDERCHALLENGES-01|HORIZON-EIC-2024-PATHFINDERCHALLENGES-01|HORIZON-EIC|The cement industry is a major contributor to global carbon emissions, primarily due to the reliance on clinker, the main ingredient in traditional cement production. To address the urgent need for decarbonization in construction, our project proposes the development of an alternative binder that integrates CO2-sequestered magnesium-based silicates, such as olivine and pyroxenes, as supplementary cementitious materials (SCMs). This innovative approach not only replaces clinker but also enhances the carbon capture potential of concrete, transforming it into a carbon sink. The project will focus on optimizing the accelerated mineral carbonation process, refining the formulations and performance of these mineralized SCMs, and validating their suitability for large-scale industrial applications. Machine learning models and advanced simulation tools will be employed to design sustainable concrete mixtures and evaluate their performance. The ultimate goal is to reduce the embodied carbon emissions of concrete, while maintaining or improving its structural performance. By leveraging interdisciplinary expertise, we aim to develop a commercially viable binder with lower embodied emissions for the construction industry. This project aligns with the EIC Pathfinder Challenge objectives and contributes to the European Green Deal, Fit for 55, and Circular Economy Action Plan, supporting the EU’s broader mission of achieving carbon neutrality and advancing sustainable building practices.|10.3030/101223135|Other
101259183|NEQIOS|Neuromorphic Quantum-Inspired Optimization and Simulation|2026-01-01|2030-12-31|3358894,25|HORIZON.3.1|HORIZON-EIC-2025-PATHFINDEROPEN|HORIZON-EIC-2025-PATHFINDEROPEN|HORIZON-EIC-2025-PATHFINDEROPEN|HORIZON-EIC|NEQIOS introduces a radically new approach to solving complex computational problems that resist efficient solution on existing digital or quantum systems. We propose a compact neuromorphic platform that physically emulates key quantum properties, such as annealing, tunnelling, and superposition, without relying on fragile quantum states. Instead, NEQIOS integrates analogue in-memory computing (AIMC), integrated photonics (IPC), and reconfigurable nonlinear computing (RNC) in a high-performance system-on-package design.This innovation is urgently needed. From materials discovery to logistics and drug design, society faces NP-hard problems that scale exponentially. Quantum computers offer promise, but current systems – operating at cryogenic temperatures and requiring large infrastructure – remain costly, slow, difficult to scale and prohibitive for use on edge devices. NEQIOS offers a robust, room-temperature alternative that drastically reduces energy use (below 1 mW) and solution time (microseconds), while achieving solution quality on par with quantum annealers.NEQIOS’s key breakthrough lies in decomposing energy-based models into fine-grained computational primitives, each mapped to a dedicated physical substrate. AIMC performs high-throughput vector-matrix operations, IPC ensures precision and low-latency signal flow, and RNC handles nonlinear, adaptive function approximation. Together, these components form a physical solver capable of mimicking quantum behaviour with unmatched efficiency and scalability.NEQIOS is driven by a world-class European consortium with deep expertise in neuromorphic computing, photonic hardware, and analogue systems. With IBM Research Europe, Radboud University, University of Heidelberg, Enlightra, University of Oxford, and University of Twente, we unite technical excellence and a bold vision to deliver a transformative computing paradigm, aligned with Europe's semiconductor strategy and future demands in AI, science and industry.|10.3030/101259183|Other
101223119|STORM|Solar Weather Forecasting Mission|2025-11-01|2028-04-30|0|HORIZON.3.1|HORIZON-EIC-2024-PATHFINDERCHALLENGES-01-05|HORIZON-EIC-2024-PATHFINDERCHALLENGES-01|HORIZON-EIC-2024-PATHFINDERCHALLENGES-01|HORIZON-EIC|In STORM, satellite constellation operation in interplanetary space shall be demonstrated, preferably in a fixed position with reference to Earth, at the example of extending current solar storm warning capabilities by significant factors. Solar storms comprise electrically charged particles typically generated by Coronal Mass Ejections from the sun. Consequences on Earth can be devastating, as all vital systems depending on electricity (GPS, radar, traffic management and financial systems), may be impaired. Even worse damages can be caused in space, leading to complete system failure. The proposed Solar weather forecasting mission (STORM) is intended to extend current warning time of 30-60 minutes by factor up to 5 which will enable authorities to prevent severe damage, e.g., by powering down critical systems.STORM will place a constellation of multiple sensing spacecraft at various positions closer to the sun well beyond L1. The geometric distribution of the SensSats (e.g., a V-shape as proposed in earlier work) will allow for accurate prediction of the time, strength, velocity, and extent of the solar storm. Solar sails are envisioned as a propulsion system to hold the position of the constellation satellites without using propellant mass, and high-efficiency electric propulsion shall be used to carry the small constellation satellites to their final positions. Multiple challenges of optimizing the propulsion system performance clearly beyond current capacities, complex orbit mechanics, communication over long distances in satellites as small as possible to minimize the requirements for the propulsions system, and autonomous operation of the carrier spacecraft will have to be overcome.The proposed work will yield an optimized mission design in terms of number and position of sensing spacecraft and a technology roadmap with clear assessment of technology maturation needed to conduct the final mission.|10.3030/101223119|Other
101259077|CHEM-SCAN|HIGH-RESOLUTION FUNCTIONAL OPTICAL IMAGING OF CHEMORESISTANCE|2026-03-01|2030-02-28|2998207,5|HORIZON.3.1|HORIZON-EIC-2025-PATHFINDEROPEN|HORIZON-EIC-2025-PATHFINDEROPEN|HORIZON-EIC-2025-PATHFINDEROPEN|HORIZON-EIC|The development of chemoresistance, i.e. the ability of cancer cells to evade treatment, has become a major challenge for current cancer therapy and significantly contributes to most tumor relapses and deaths. Changes in the way how sub-populations of cancer cells process metabolites have been identified as an indication of tumor chemoresistance: multiple different metabolites were found and identified in several chemoresistant tumors, which are attributed to facilitate tumor cell survival under chemotherapeutic stress. Identifying cells that can resist chemotherapy by adapting metabolite processing is, however, difficult, because this requires assessing the biochemical state of many cells at the single cell level and for multiple metabolites, simultaneously. A key limitation is that currently no single non-invasive platform exists that can be utilized in a highly parallelized fashion to monitor chemoresistance at the cellular and tissue level. CHEM-SCAN will develop novel fluorescent probes for the energetic/reductive state of cells, metabolites, and metabolic indicators that can assess chemoresistance of single cells. These probes will be assessed with highest sensitivity and spatiotemporal resolution by CHEM-SCAN's novel high-speed fluorescence lifetime imaging (FLIM) platform across multiple length scales. This FLIM platform will allow biomedical and clinical researchers to determine and follow the individual responses of human cancer cells to chemotherapy, enabling the assessment of individualized treatment options. Using the platform, alternative options for the individualized treatment of chemoresistant tumors, such as the combination of multiple drugs or the testing of new drugs can rapidly be conducted in-vitro without posing additional burdens on the patient. At the same time, CHEM-SCAN will provide a research platform for the continued quest for a better understanding of chemoresistance and will be able to scale well beyond just this initial target.|10.3030/101259077|Other
101181686|ArcticKnows|Just knowledge co-creation for a regenerative Arctic economy|2025-10-01|2028-09-30|0|HORIZON.2.6|HORIZON-CL6-2024-COMMUNITIES-01-3|HORIZON-CL6-2024-COMMUNITIES-01|HORIZON-CL6-2024-COMMUNITIES-01|HORIZON-RIA|ArcticKnows will empower Coastal, Local and Indigenous Communities (CLICs) in the Arctic to mobilise their indigenous and local knowledges (including traditional ecological knowledge) and enhance their agency to act towards co-creating regenerative economies and livelihoods in a just, inclusive, and gender-sensitive way. The project convenes CLICs, researchers and other local stakeholders (industry, businesses, civil society, policymakers) in a just and decolonial knowledge co-creation process, to co-design and co-deploy pioneering principles, methodologies, guidelines, frameworks and indicators for regenerative economies and livelihoods, as well as attractive platforms for community engagement and participation. ArcticKnows tackles some of the key challenges including a) climate change and climate related vulnerabilities; b) extractive economic models and mindsets; c) lack of recognition and/or—depending on the context—appropriation of local and indigenous knowledges; and d) lack of CLICs, women, and youth engagement in decision-making. It employs just, decolonial and inclusive knowledge co-creation and multi-actor collaborative and transdisciplinary approaches, for innovating and transforming towards regenerative and climate-wise economy, while co-designing platforms for meaningful community engagement that empowers and strengthen CLICs’, women, youth and other marginalized groups to participate in policy making. In ArcticKnows we cocreate, demonstrate and evaluate examples of regenerative local economies in four Pilots, in Greenland, Norway, Sweden and Finland, focusing on close-to-nature tourism, small-scale climate-resilient agriculture and climate-resilient fisheries, all of which represent environments of multispecies encounters. ArcticKnows advances and activates multispecies coexistence and justice. Finally, it promotes mindful sharing and scaling up best practices, while ensuring intellectual and cultural autonomy of local and indigenous knowledge holders.|10.3030/101181686|Cluster 6
101257530|ALERT|MULTIANALYTE DIGITAL SENSING WITH QR-CODE MICRONEEDLES FOR MINIMALLY INVASIVE EARLY DIAGNOSIS OF ALZHEIMER|2026-03-01|2029-02-28|2917386,25|HORIZON.3.1|HORIZON-EIC-2025-PATHFINDEROPEN|HORIZON-EIC-2025-PATHFINDEROPEN|HORIZON-EIC-2025-PATHFINDEROPEN|HORIZON-EIC|"""ALERT introduces a groundbreaking leap in medical diagnostics, redefining in-vivo sensing with a pioneering digital approach. This revolutionary technology centers on multianalyte digital sensing via QR-coded microneedles—engineered for minimally invasive, highly accurate, and real-time measurement of critical disease biomarkers directly from plasma beneath the skin.Seamlessly integrating digital innovation with advanced biomedical sensing, ALERT’s microneedles encode biomarker data into a scannable digital QR code, enabling instant and precise diagnostics. These microneedles operate through a unique binary fluorescence mechanism, switching distinctly """"on"""" or """"off"""" when biomarker concentrations cross predefined clinical thresholds. This digital paradigm eradicates the need for external calibration—a key limitation of traditional analog chemical sensors—ensuring enhanced accuracy, reliability, and ease of use in real-world applications.With a main focus on early detection of Alzheimer’s Disease (AD), ALERT tackles a pressing global health challenge, particularly urgent given the rapidly aging population. AD often remains clinically undetected for 15 to 20 years, making early diagnosis crucial for improving patient outcomes and reducing the immense social and economic burdens of late-stage management. ALERT's approach includes rigorous validation in animal models, well-defined Key Performance Indicators, advanced material synthesis, cutting-edge device fabrication, and proactive risk mitigation strategies.Beyond revolutionizing AD diagnostics, ALERT’s digital QR-code microneedle platform holds vast potential for broader medical applications, including early detection of cancer, sepsis, and infectious diseases. Its adaptability extends even further, with applications in environmental monitoring, precision agriculture, and food safety."""|10.3030/101257530|Other
101236115|C2FUe-LS|Turning recycled carbon into valuable fuels for all transport sectors by marrying selective plasma and bio-/chemo-catalysis at mild conditions|2025-10-01|2029-09-30|4028302,5|HORIZON.2.5|HORIZON-CL5-2024-D3-02-02|HORIZON-CL5-2024-D3-02|HORIZON-CL5-2024-D3-02|HORIZON-RIA|+C2Fue-LS aims to develop a direct cold plasma-catalysis pathway, combined with hybrid bio-/nano-catalysis, to efficiently produce alcohols from CO2 recycling, green hydrogen, and renewable electricity. The project focuses on the challenging CO2 plasma-hydrogenation to formaldehyde, followed by its selective conversion to alcohols of precise lengths using a novel formate carboxylase paired with advanced bimetallic nanocatalysts. These catalysts are encapsulated within porous Metal-Organic Frameworks (MOFs) and manufactured as digitally structured modules with hierarchical porous structures, enhancing plasma formation and facilitating substrate and product migration during the CO2-to-alcohol conversion.+C2Fue-LS targets high-efficient and selective production of aviation and shipping fuels operating under mild conditions (≤100 ºC, ambient pressure). By leveraging plasma effects—pioneering in room temperature catalysis—and encapsulating hybrid bio-, chemo-, and nano-catalysts within MOFs and digitally structured modules, the project will significantly reduce the energy barriers and boosts process efficiency and selectivity, producing alcohols as fuels and chemicals without the need of additional purification steps.The project’s modular approach allows for the selective synthesis of various alcohols, including ethanol, under sustainable and energy-efficient conditions. +C2Fue-LS encompasses several key objectives, as (I) Development of innovative plasma-, bio-, nano-, and chemo-catalysts, (II) the design of advanced catalyst carriers with controlled active site distribution, (III) advanced characterization by ex- and in- situ/operando techniques for mechanistic understanding, (IV) lab-scale validation of the technology, including safety assessments, (VI) comprehensive environmental, techno-economic, and socio-economic evaluations.All in all, +C2Fue-LS represents a breakthrough technology in CO2 conversion into valuable alcohols as fuels and added value chemicals.|10.3030/101236115|Cluster 5
101258419|INTEGRAL|INTEGRATED PHOTONICS FOR SIGNAL PROCESSING AND LASERS TOWARDS THE NEXT GENERATION OPTICAL COHERENCE TOMOGRAPHY|2026-03-01|2029-02-28|2999500|HORIZON.3.1|HORIZON-EIC-2025-PATHFINDEROPEN|HORIZON-EIC-2025-PATHFINDEROPEN|HORIZON-EIC-2025-PATHFINDEROPEN|HORIZON-EIC|Optical Coherence Tomography (OCT) is a powerful and scalable imaging platform, indispensable in ophthalmology and increasingly relevant in dermatology, cardiology, and industrial inspection. Yet its broader potential remains constrained by the lack of real-time en-face visualization and reliance on bulky, high-cost hardware.INTEGRAL addresses these challenges by rethinking OCT architecture from source to signal, introducing integrated photonic technologies that eliminate long-standing bottlenecks.At its core are two breakthrough innovations: a Down-conversion Leader-Follower (DLF) photonic processor that performs direct optical-domain signal processing without FFT or resampling, and an Akinetic Dispersive Laser (ADL) providing fast, stable, compact swept-source illumination with no moving parts. Implemented as photonic integrated circuits, these components enable real-time, multi-depth en-face imaging at sweep rates beyond 5 MHz—an order of magnitude faster than today’s commercial systems.INTEGRAL targets two key OCT wavelength bands—1060nm for deep tissue penetration and 840nm for high-resolution imaging—delivering a compact, modular engine compatible with current and next-gen systems. By eliminating the need for highspeed digitization and enabling instant visual feedback, INTEGRAL unlocks new applications across ophthalmology, surgery, dermatology & industrial inspection.The project brings together world-leading expertise in photonic integration, OCT, and medical device manufacturing in a high-risk, high-gain initiative that aims to rewrite the technological foundations of medical imaging. If successful, INTEGRAL will enable widespread OCT adoption not just in clinics, but also in general practices, pharmacies, and even homes—supporting accessible health monitoring. This lays a strong foundation for post-project commercial exploitation and TRL scaling, establishing a sovereign EU supply chain and leadership in a high-value, fast-growing global market.|10.3030/101258419|Other
101259068|DRIVIN CAR|DRIVIN' CAR: Developing robust in vivo nanomedicine-based chimeric antigen receptor technology|2026-03-01|2030-02-28|3000347,5|HORIZON.3.1|HORIZON-EIC-2025-PATHFINDEROPEN|HORIZON-EIC-2025-PATHFINDEROPEN|HORIZON-EIC-2025-PATHFINDEROPEN|HORIZON-EIC|DRIVIN’ CAR aims to transform immunotherapy by developing a scalable, cost-effective platform for in vivo generation of chimeric antigen receptor (CAR) immune cells. Using proprietary apolipoprotein nanoparticle (aNP) platform technology, DRIVIN’ CAR pursues robust CAR monocyte/macrophage (CAR M) and CAR T cell therapy. Owing to their biocompatibility and natural tropism for myeloid cells, aNPs are excellently suited for in vivo CAR M therapy. For efficient in vivo T cell targeting, aNPs can be modularly surface-functionalized with apolipoprotein fusion proteins.The Program’s aNP platform technology addresses key limitations of current CAR therapies that prevent widespread implementation. It simultaneously tackles high treatment costs, complex ex vivo manufacturing procedures, and poor performance in solid tumors of conventional CAR cell therapy. The aNP platform also overcomes challenges associated with emerging in vivo approaches, such as limited specificity and safety risks.By combining advanced bioengineering, high throughput manufacturing, library screening approaches and in vivo validation, DRIVIN’CAR brings together world-leading experts to deliver a unique and versatile platform for in vivo CAR therapies with real clinical impact.This Program’s successful completion will advance the aNP platform to TRL 4.  Besides enabling in vivo CAR immune cell therapy for cancer treatment, the aNP platform has significant translational potential and pertinency for applications in non-malignant diseases such as autoimmune disorders and cardiovascular disease.|10.3030/101259068|Other
101257413|HEARTCORE|HUMAN-BASED ADVANCED CARDIAC SAFETY PLATFORM INTEGRATING MULTILAYER CARDIAC ORGANOIDS, MESH MEA, AND AI-BASED PROARRHYTHMIA RISK ASSESSMENT|2026-06-01|2030-05-31|2993436,25|HORIZON.3.1|HORIZON-EIC-2025-PATHFINDEROPEN|HORIZON-EIC-2025-PATHFINDEROPEN|HORIZON-EIC-2025-PATHFINDEROPEN|HORIZON-EIC|Cardiac safety testing still relies on animal models or oversimplified in vitro assays that often fail to predict human outcomes, increasing the risk of drug-induced arrhythmias and delaying drug development. HEARTCORE will integrate physiologically relevant, human heart-forming organoids (HFOs) with a multilayer 3D mesh microelectrode array (mesh MEA) and laser-based optoporation, creating a groundbreaking new platform for cardiotoxicity testing and predicting drug responses in the short and long term.A hiPSC-derived advanced HFO model will include a proper cardiac structure of endocardial, myocardial, and epicardial compartments, including sinoatrial node–like cells for replicating 3D electrophysiological properties of the heart. These organoids will be grown into a biocompatible double-layer mesh MEA to enable non-invasive, high-resolution field-potential recordings, spatial repolarization mapping, and 3D signal propagation analysis over time. Optoporation will provide intracellular-like action potentials, while simultaneous calcium imaging and contraction monitoring will yield multiparametric datasets. To translate the data into actionable insights, we will develop a multi-scale in silico model, merging 3D spatial and temporal electrophysiological signatures with drug-specific effects to simulate proarrhythmic risk and deliver mechanistic predictions beyond current methods.For elevated throughput screening, HEARTCORE will feature an optoporation-compatible high-electrode count MEA system with >1,000 channels in multiwell plates for 3D data acquisition and visualisation across the two mesh layers. Advanced software will create authentic 3D electrophysiological maps, overcoming the limitations of current 2D views.HEARTCORE aims to transform cardiac safety testing—improving risk detection, advancing patient-specific disease modeling, cutting drug development costs, and promoting human-relevant, animal-free in vitro models emulating native-like responses.|10.3030/101257413|Other
101257628|AMFactory|Engineering bioreactor mass production of arbuscular mycorrhizal fungi for European farming|2026-05-01|2029-04-30|2993767|HORIZON.3.1|HORIZON-EIC-2025-PATHFINDEROPEN|HORIZON-EIC-2025-PATHFINDEROPEN|HORIZON-EIC-2025-PATHFINDEROPEN|HORIZON-EIC|Microbial inoculants containing arbuscular mycorrhizal fungi (AMF) are powerful tools in increasing the sustainability of our food production systems. These soil fungi form a symbiotic association with almost all major agricultural crops, acquiring nutrients beyond the nutrient-depleted zone of the rhizosphere to meet plant nutrient requirements, resulting in increased biomass and yield. AMF-colonized plants also show greater tolerance to a/biotic stresses. The production of these inoculants has thus huge economic value. However, current AMF production relies largely on substrate-based cultivation systems with suitable host plants, which is space-demanding, hard to scale-up and prone to carrying unwanted contaminants. An alternative exists with the production of AMF in vitro in root organ cultures (ROC). This method also has some drawbacks. It is labor-intensive, costly, and produces comparatively fewer spores than in the greenhouse. Mass production of AMF at industrial scale is, however, done in ROC, but in countries where labor costs are well below EU salaries. This model is not viable in the EU which is characterized by high salaries and stringent regulations.The ambition of AMFactory is therefore to bridge the gap between the contaminant-free production of AMFs in ROC and their mass-production in bioreactors at low costs, making EU worldwide competitive on the market of AMF bioinoculants. This will be achieved by engineering host roots for enhanced lipid metabolism to fuel the spores (WP1), identify and optimize plant-AMF signaling compounds for optimal colonization (WP2) and enable their low-cost, large-scale biosynthesis via microbial cell factories (WP3). The combination of engineered roots and signaling molecules will be tested and validated using ROC and advanced microfluidics (WP4) and the most promising confirmed in a bioreactor (WP5) with the final objective to produce 108 spores per L in a period of 4 to 6 months, applicable for European farming.|10.3030/101257628|Other
101258189|CarboNcare|CARBON-EFFICIENT BIOPRODUCTION OF CHEMICALS FROM METHANOL|2026-05-01|2030-04-30|3135362,35|HORIZON.3.1|HORIZON-EIC-2025-PATHFINDEROPEN|HORIZON-EIC-2025-PATHFINDEROPEN|HORIZON-EIC-2025-PATHFINDEROPEN|HORIZON-EIC|A major challenge in carbon-based bioproduction is achieving high-yield conversion of carbon feedstocks—such as methanol—into target compounds, while avoiding carbon losses to biomass or CO2 emissions. Current microbial metabolism prioritizes energy and biomass generation, often oxidizing a substantial fraction of carbon as CO2 via respiration, limiting the sustainability of bio-based production systems. CarboNcare proposes a breakthrough solution: a synthetic fermentative metabolism engineered into E. coli and P. putida, which forces methanol assimilation into value-added products without releasing CO2. These strains grow only if they convert methanol into target chemicals, lactate, succinate, and 2,3-butanediol with high stoichiometric yields, ensuring a tight growth-product coupling and preventing evolutionary drift toward biomass overproduction. By bypassing oxidative respiration and instead generating energy through substrate-level phosphorylation and controlled electron transfer to quinones, CarboNcare eliminates the need for CO2-emitting pathways. Electrons are redirected to internal metabolites (e.g. pyruvate, acetyl-CoA), maximizing carbon retention in final products. The system operates under aerobic but non-respiratory conditions, simplifying scale-up, reducing methanol loss, and enhancing process robustness. CarboNcare follows a Design-Build-Test-Learn (DBTL) approach, combining cutting-edge strain design with metabolic rewiring. The project brings together leading European partners: CHA (strain engineering and synthetic metabolism), DTU (systems biology and P. putida engineering), MPI (computational modelling), ULEI (enzyme engineering), CEA (adaptive laboratory evolution), IN and DEC (communication, stakeholder engagement, business modelling), and HES-SO (bioprocess development and scale-up). Together, they will deliver a robust and climate-resilient platform for sustainable methanol-based bioproduction.|10.3030/101258189|Other
101258103|PROPANTHERA|Retrograde atrophy induction: a paradigm shift in prostate and  pancreatic cancer prevention and therapy.|2026-03-01|2029-02-28|3140625|HORIZON.3.1|HORIZON-EIC-2025-PATHFINDEROPEN|HORIZON-EIC-2025-PATHFINDEROPEN|HORIZON-EIC-2025-PATHFINDEROPEN|HORIZON-EIC|Pancreatic cancer (PaC) is a leading cause of cancer-related death in the Western world and its incidence is increasing. Prostate cancer (PrC) is the 2nd most frequent cancer in men and the 5th leading cause of death globally. These tumors arise in exocrine glands with secretory ducts. Standard treatments like the Whipple procedure or radical prostatectomy are aggressive and carry significant morbidity. PROPANTHERA proposes a first-in-class, minimally invasive alternative: targeted radiofrequency ablation (RFA) of exocrine ducts to induce localized retrograde atrophy leading to functional elimination of preneoplastic lesions and tumors. This breakthrough is enabled through the design of novel ultra-miniaturized catheters developed by world leaders in bioengineering and surgical oncology, enhanced by key expertise in state-of-the-art genome editing and genomic biology tools. The project builds on strong prior evidence in mice and uses tools ready for translation. Preclinical validation will use genetically engineered swine models mimicking human KRAS/TP53-driven and BRCA2-associated pancreatic cancer. For the first time, we will ablate lobular structures in the pancreas and the prostate in vivo, offering a precision medicine, organ-preserving approach.PROPANTHERA pioneers a paradigm shift: replacing resection with precision-guided atrophy. This approach will reduce complications, costs, and recovery time. Its impact will be highest in high-risk patients and those unfit for surgery. PROPANTHERA will not only redefine the treatment of PaC and PrC but it will also inaugurate a new class of organ-preserving interventions for a wider range of malignancies. The new medical devices, with a clear path to CE marking, and the strong biology to guide further refinement align with EU missions to reduce cancer burden and foster innovation to impact on survival.|10.3030/101258103|Other
101257982|MECH-QUBIT|MECHanical QUBIT With Enhanced Coherence|2026-02-01|2030-01-31|3072590|HORIZON.3.1|HORIZON-EIC-2025-PATHFINDEROPEN|HORIZON-EIC-2025-PATHFINDEROPEN|HORIZON-EIC-2025-PATHFINDEROPEN|HORIZON-EIC|Condensed-matter qubits, such as transmons and spin qubits, benefit from compatibility with silicon-based fabrication, offering a path toward scalable quantum processors that could eventually host millions of qubits. However, despite their scalability, these platforms remain fundamentally limited in coherence, with typical quantum coherence times in the range of 0.01 to 1ms. Here we propose a radically new qubit architecture that encodes quantum information in mechanical vibrations, targeting quantum coherence times in the 1–100ms range. This mechanical qubit is realized by coupling a high-frequency mechanical oscillator to an electron double quantum dot (DQD) qubit. The key to surpassing the coherence of conventional electronic qubits lies in operating within the ultrastrong coupling regime, where the interaction strength between the mechanical and electronic degrees of freedom becomes comparable to the mechanical frequency. In this regime, mechanical nonlinearities at the quantum level emerge, enabling the definition of robust two-level systems with enhanced coherence. The project will demonstrate the mechanical qubit concept using suspended graphene drums integrated with bilayer graphene DQDs and superconducting resonators for readout. These components will be fabricated using all-2D-material van der Waals heterostructures to suppress charge noise and maximize coherence. A tight feedback loop between theory, fabrication, and experiment will guide optimization, enabling systematic identification and mitigation of decoherence sources. As proof-of-concept, we aim to realize coherent control of the mechanical qubit, a two-qubit gate, and force quantum sensing protocols with unprecedented sensitivity. This novel qubit platform opens the path to scalable quantum computing with improved quantum coherence and integrated sensing functionality.|10.3030/101257982|Other
101256857|ULYSSES|Ultrasensitive Luminescence-based Yeast Sensors for Specific Early Cancer Sensing|2026-05-01|2029-04-30|2991106,25|HORIZON.3.1|HORIZON-EIC-2025-PATHFINDEROPEN|HORIZON-EIC-2025-PATHFINDEROPEN|HORIZON-EIC-2025-PATHFINDEROPEN|HORIZON-EIC|ULYSSES is a pioneering project aimed at developing a non-invasive, portable, and user-friendly biosensor for the early detection of breast and prostate cancers through urine analysis. Its core vision is to identify cancer-related volatile organic compounds (VOCs) and develop a biotechnological device for their detection in urine. The innovation lies in mimicking the extraordinary olfactory system of the nematode Caenorhabditis elegans, which can distinguish cancerous from healthy urine with over 90% accuracy. This ability is mediated by a large repertoire of olfactory receptors (ORs) expressed on specialized sensory neurons. ULYSSES replicates this sensing capacity in a synthetic biology framework by introducing selected C. elegans ORs into engineered yeast (Saccharomyces cerevisiae). These ORs are functionally coupled to a bioluminescence resonance energy transfer (BRET)-based biosensing construct. Upon binding cancer-associated VOCs, conformational changes in the ORs trigger measurable BRET signal shifts, serving as indicators of cancer-specific profiles with nanomolar sensitivity. In parallel, urine VOCs will be analysed via gas chromatography–mass spectrometry (GC-MS). Machine learning will be applied to the spectral data to identify key compounds that differentiate cancer from healthy samples and link them to specific OR activation profiles. Engineered yeast biosensors, each with a distinct OR-BRET construct, will be arrayed on a disposable device. Upon urine exposure, BRET signal changes will be recorded and interpreted via an AI algorithm trained on activation heatmaps. This enables the identification of cancer-related patterns with high sensitivity and specificity. Feasibility is ensured by the convergence of expertise within a strongly interdisciplinary consortium. ULYSSES lays the foundation for a versatile diagnostic platform with broad applications in health monitoring and personalized medicine, with strong potential for societal and healthcare impact.|10.3030/101256857|Other
101216412|HARARA|Co-creating inclusive local climate adaptation practices to deal with experienced heat|2026-01-01|2028-12-31|1999658,75|HORIZON.2.1|HORIZON-MISS-2024-CROSS-02-01|HORIZON-MISS-2024-CROSS-02|HORIZON-MISS-2024-CROSS-02|HORIZON-RIA|European societies, especially in urban areas, are disproportionately affected by the impact of global warming. Global warming can be felt by how people experience heat at home - which is often a combination of the temperature and air humidity in their residence. Experienced heat and heat stress may vary across people’s houses, also depending on the adaptation strategies they apply and affect people’s health outcomes and experiences. Migrant populations, ranging from migrants to their descendants, are often excluded from current data collection and measures, creating environmental injustice, and in turn strengthening social and ethnic inequalities in societies. The HARARA project aims to contribute to the EU Mission on Adaptation to Climate Change by supporting regions such as Belgium and the Netherlands, and more specifically, their cities and local authorities, to become more resilient in the face of climate change impacts. HARARA will systematically integrate insights from multiple disciplines (sociology, ecology, biology, urban planning, etc.), as well as societal and educational institutions, to first empirically assess both subjective and objective climate impacts on migrant groups. Afterwards, a citizen science approach will be taken to empower local migrant communities to actively participate in and contribute to inclusive climate policies of the future through the development of inclusive climate adaptation practices. The inclusive climate adaptation practices will be included in the EC Mission Portal; triangulated with stakeholders, presented in policy briefs and a Toolkit for schools, two sustainable and inclusive fairs, and reports for non-academic audiences. Furthermore, HARARA sets up transdisciplinary knowledge hubs, supported by integration specialists or Gluon researchers, that secure future regional collaborations and transdisciplinary research practices.|10.3030/101216412|Cluster MISS
101223271|CERBERUS|Unlocking the Full Potential of Edge AI through In-memory Computing Based on 2D Materials with Extreme Energy Efficiency|2026-02-01|2030-01-31|0|HORIZON.3.1|HORIZON-EIC-2024-PATHFINDERCHALLENGES-01-04|HORIZON-EIC-2024-PATHFINDERCHALLENGES-01|HORIZON-EIC-2024-PATHFINDERCHALLENGES-01|HORIZON-EIC|The introduction of the on-device AI paradigm in edge computing could bring significant benefits and enable a plethora of exciting applications in AR/VR gear, industrial automation devices, drones, 5G/6G base stations or autonomous vehicles. However, AI is well-known to be generally power hungry and edge devices are not able to withstand the computational requirements of emerging AI workloads. Therefore, energy efficiency is closing the door important breakthroughs across industries such as ICT, mobility, healthcare, agri-food, industrial automation, leaving an enormous untapped potential behind. To remedy this, academia and industry have proposed in-memory computing (IMC) and the associated non-Von Neumann architectures as a means to dramatically improve the efficiency of AI processing; yet the promise of the IMC paradigm is limited by non-idealities within and around the IMC tiles. In this light, the CERBERUS project aims to take a radical step forward in the field of IMC by addressing the fundamental efficiency bottlenecks that prevent edge computing stakeholders from unleashing the full potential of this technology. To this end, CERBERUS will employ a three-pillar approach grounded on (i) 2× more efficient memristive devices, (ii) 30% more efficient peripheral circuits also allowing to bypass domain conversions, and (iii) 70% more effective heat dissipation devices to virtually eliminate thermal noise. Thanks to a deeply cross-layer simulation approach integrating models of the developed devices and circuits, our ultimate goal is to show that 3X better energy efficiency can be achieved at the system level for modern and emerging edge AI computing workloads, towards the vision of deploying sizable AI models in virtually any device, even at the extreme edge.|10.3030/101223271|Other
101219355|SOLARSPOON|Solar-driven synthesis of proteins and lipids via photoelectrochemistry of living organisms|2025-11-01|2029-10-31|0|HORIZON.3.1|HORIZON-EIC-2024-PATHFINDERCHALLENGES-01-01|HORIZON-EIC-2024-PATHFINDERCHALLENGES-01|HORIZON-EIC-2024-PATHFINDERCHALLENGES-01|HORIZON-EIC|Biohybrid systems offer unique energy-efficient routes to harness solar energy for the fixation of CO2 and nitrogen into valuable, complex molecules. This project will integrate living photosynthetic bacteria and food-producing autotrophic bacteria into stand-alone photoelectrochemical devices tailored for the direct production of proteins and lipids from sunlight, air and water. Cyanobacteria will supply electrons via light-driven water oxidation, organic dyes will provide these electrons with sufficient energy to generate substrates that would directly feed either a culture or a consortia of food producing microorganisms in the same device. The result will be the demonstration of the first direct conversion of CO2 and N2 from air to protein- or lipid-rich food materials using solar energy, with the aim to produce a prototype that can reach 1% solar-conversion efficiency or surpass present food production processes via agriculture.Our bioengineering efforts will focus on three key innovations: (i) overcoming complex electron transfer pathway barriers at the cell-electrode interface, aided by the coupling of electrode engineering with advanced modelling of the interface; (ii) expanding the range of Solar-to-X products to two essential food groups (proteins and lipids), enabled by the formation of novel microbial consortia on redox polymer films that mitigate their conflicting microenvironment needs; and iii) device engineering that synergizes the different outputs and needs of the bio-anode and cathode whilst also facilitating easy food-product collection. The delivery of our envisioned Solar-to-Food devices will open the door to re-imagining sustainable food production for off-grid locations, kitchens in future households and spaceships. Current food industries, such as our partner Solar Foods, would be an immediate benefactor. Our envisioned solar-to-lipids production process could be a stepping stone to fuels production lines of the future.|10.3030/101219355|Other
101223091|C5|Clever Combination of Synthetic Compartmentalization, Carbon Fixation and Compound Biomanufacturing|2025-11-01|2029-10-31|0|HORIZON.3.1|HORIZON-EIC-2024-PATHFINDERCHALLENGES-01-01|HORIZON-EIC-2024-PATHFINDERCHALLENGES-01|HORIZON-EIC-2024-PATHFINDERCHALLENGES-01|HORIZON-EIC|The C5 Pathfinder project aims to revolutionize the production of bio-based chemicals by leveraging synthetic compartmentalization and metabolic engineering within photosynthetic cyanobacterial systems. The multidisciplinary consortium brings together experts from diverse fields, including microbiology, synthetic biology, and chemical engineering, with the overarching goal to maximize cyanobacterial photosynthetic CO2 fixation and isoprene product generation. This will be achieved by installing a more efficient CO2 fixation cycle, connecting it directly with isoprene production to maximize carbon partitioning, and constructing a conceptual novel synthetic bacterial organelle, co-localizing selected enzymes. This promotes substrate channeling and creates a favorable microenvironment to enhance their catalytic activity while minimizing metabolic crosstalk with the cytosol and containing toxic intermediates. We will develop a process to directly harvest isoprene from the gas phase, which spontaneously separates from the cells and growth media. This avoids problematic biomass harvesting and product extraction, simplifying the production process. The project's success will be assessed through life cycle assessments (LCA) and techno-economic analyses (TEA) to ensure that the developed processes are both environmentally sustainable and economically viable. The collaboration among consortium members will facilitate knowledge transfer and technology development, leading to the creation of modular and scalable systems suitable for industrial applications. Additionally, workshops and outreach activities will be conducted to disseminate findings and promote engagement with stakeholders across the bioeconomy sector. Overall, C5 aims to introduce groundbreaking innovative technologies which will significantly increase Solar-to-Isoprene conversion efficiency and pave the way for the widespread adoption of bio-based chemicals, contributing to a sustainable and circular economy.|10.3030/101223091|Other
101223335|CONCERTO|CarbOn Negative CemEnt fRom ulTra-mafic rOcks|2025-10-01|2029-09-30|0|HORIZON.3.1|HORIZON-EIC-2024-PATHFINDERCHALLENGES-01-02|HORIZON-EIC-2024-PATHFINDERCHALLENGES-01|HORIZON-EIC-2024-PATHFINDERCHALLENGES-01|HORIZON-EIC|The majority of CO2 emissions associated with Portland clinker production originate from the calcination of limestone, a process necessary to extract calcium, the key element required for forming the main binding hydration phases. Unfortunately, most of the calcium found in nature is embedded in limestone. This project aims to explore hydraulic binders based on magnesium (instead of calcium) since this element is abundant in silico-magnesian ultramafic rocks, which are widely available. This approach thus eliminates the CO2 emissions associated with the decarbonization of raw materials during the production process. We have developed a groundbreaking, scalable process for producing silico-magnesian CO2-free cements from ultramafic rocks (CNRS pending patent). If decarbonized energy is used during production, the overall carbon footprint of this binder could be net-negative, as magnesium hydroxide formed during hydration could sequester atmospheric CO2 throughout the service life of the cementitious product via carbonation. The main goal of this project is to optimize the manufacturing process and performances of this hydraulic binder and to develop various applications based on it.|10.3030/101223335|Other
101216923|URBAN PROSUMERS|URBAN PROSUMERS – towards a knowledge transfer hub for empowering citizens as producers and consumers of sustainable solutions to climate-neutrality|2025-10-01|2028-03-31|1999847,5|HORIZON.2.1|HORIZON-MISS-2024-CROSS-02-01|HORIZON-MISS-2024-CROSS-02|HORIZON-MISS-2024-CROSS-02|HORIZON-RIA|The URBAN PROSUMERS project supports the implementation of EU’s Climate Neutral and Smart Cities Mission at the local level in Tampere Region, Finland. This initiative strengthens and enhances the role of local Higher Education Institutions (HEIs) as focal actors of transdisciplinary research and action in sustainability issues. By leveraging citizen science and participatory research methods, the project actively involves Tampere residents and local stakeholders in developing solutions focused on sustainable mobility, food systems and energy. Through co-creation, the project builds a knowledge transfer hub around the topic of sustainable urban prosumerism.The title “URBAN PROSUMERS” highlights the project’s goal to engage residents as both producers and consumers of sustainable solutions, services and knowledge. Through novel participatory infrastructures and a co-creation process guided by HEIs, the project brings together the city, residents, and various actors to identify local needs related to the Mission themes. It funds community experiments that seek social or technological innovations within the three key thematic areas of the project (mobility, food and energy), addressing the needs identified by residents and local entities such as NGOs, associations and city administration.Tampere HEIs play a crucial role by developing and managing a new knowledge transfer hub for sustainable urban prosumerism, integrating this process also into their strategic work. The project aims to create a novel theoretical understanding of the urban prosumerism model through co-creation and experimental community projects. This model can serve as an example for participatory climate action in cities, with potential for scaling and replication in other Mission cities across Finland and Europe.|10.3030/101216923|Cluster MISS
101221957|MOJITO|Decarbonized liMe PrOduction through enhanced JoInt dielectric heaTing and waste carbonaceous material additiOn|2025-10-01|2028-09-30|0|HORIZON.3.1|HORIZON-EIC-2024-PATHFINDERCHALLENGES-01-02|HORIZON-EIC-2024-PATHFINDERCHALLENGES-01|HORIZON-EIC-2024-PATHFINDERCHALLENGES-01|HORIZON-EIC|The MOJITO project aims to validate a laboratory scale system for the production of decarbonised lime with reduced energy consumption and carbon emissions in the calcination process, while achieving CO2 removal. The system is based on an electrically powered rotary kiln that transfers heat in the calcining material by microwave and electrical heating. Due to the capacity of microwaves to penetrate inside the limestone particles, the kiln will use lower temperatures with respect to standard systems. The input material will also be integrated with carbonaceous material for its ability to absorb electromagnetic energy and convert it to heat, thus improving the efficiency of the process. The CO2 produced by the calcination will be collected in an external vessel for further use in Carbon Capture and Storage (and Utilisation). Accurate atomistic computer simulations of the CaCO3 calcination process in realistic conditions through machine learning will be performed using a Tier-0 supercomputer, based on the understanding of the microscopic mechanisms at play. This will allow to study and design new solutions and the specific MOJITO systems. This enables the production of grade lime that satisfies up to 70% of market demand.|10.3030/101221957|Other
101223193|SUN2CN|Fully-Integrated PV-EC Device for the Production of C-N Chemicals|2025-11-01|2029-10-31|0|HORIZON.3.1|HORIZON-EIC-2024-PATHFINDERCHALLENGES-01-01|HORIZON-EIC-2024-PATHFINDERCHALLENGES-01|HORIZON-EIC-2024-PATHFINDERCHALLENGES-01|HORIZON-EIC|The SUN2CN project aims to deliver a standalone Solar-to-X device for the conversion of simple, low-energy molecules found in waste streams — such as nitrates (NO3-) and carbon dioxide (CO2) — into valuable carbon-nitrogen (C-N) chemicals, using sunlight as the only energy source. C-N chemicals, such as urea and methylamine, critical for the agriculture and pharmaceutical industries, contribute significantly to human health and quality of life.To enable the solar conversion of NO3- and CO2 into C-N chemicals, SUN2CN will develop a fully-integrated photovoltaic (PV)-electrochemical (EC) device that incorporates a porous PV membrane coated with selective electrocatalysts in an innovative flow cell design. The standalone solar-to-X device will provide a sustainable solution for the decentralized production of valuable organonitrogen (C-N) chemicals and wastewater treatment, eliminating the need for fossil resources and energy-intensive ammonia production.SUN2CN aims to achieve a breakthrough in the chemical and energy sectors. It will contribute to the vision of decentralized prosumption of renewable fuels, chemicals, and materials using local resources and solar energy, thereby empowering communities and remote areas.|10.3030/101223193|Other
101258941|HeartVision|Illuminating new paths in heart failure therapy|2026-07-01|2030-06-30|3998796,25|HORIZON.3.1|HORIZON-EIC-2025-PATHFINDEROPEN|HORIZON-EIC-2025-PATHFINDEROPEN|HORIZON-EIC-2025-PATHFINDEROPEN|HORIZON-EIC|HeartVision is an ambitious high-risk, high-gain project that aims to unlock real-time, in vivo 3D microscopy of beating hearts and engineered heart tissues (EHTs) at cell-scale resolution – even deep within tissue folds.Heart failure is the leading cause of death worldwide, and today, there is no curative therapy for it. EHT transplantation offers hope, but we currently lack tools to assess its effectiveness in real time. Critical questions remain unanswered: Where do transplanted cardiomyocytes go? How do they integrate? When do they start contributing to heart function? Today, even imaging cells deep within therapy-scale EHTs is not possible - let alone in a beating heart.HeartVision will break this barrier by pushing optical microscopy into the infrared spectrum, enabling real-time, in vivo visualization of cardiomyocytes in both EHTs and beating hearts. This infrared microscopy window will be transformative - not just for heart failure therapy, but across regenerative medicine and disease research.HeartVision will deliver:+ Vitroscope – a disruptive in vitro imaging tool for therapy-scale EHTs+ Vivoscope – a radical in vivo imaging system for beating animal hearts+ Computational tissue clearing – for deep structural and functional imaging+ OrganLab – a high-value platform for next-gen therapy developmentThese technologies will be used for:+ Mitochondrial transfer studies for novel therapy pathways+ Direct visualization of EHT integration in beating heartsHeartVision will generate multiple IPs with potential in current and future clinical and biotech markets, while ensuring open access to key scientific breakthroughs. It strikes a bold balance between innovation exploitation and open science dissemination.HeartVision will realize the dream of cell-scale imaging in living organs and put it in the hands of therapy developers, reshaping how we see, study, and treat heart failure and beyond.|10.3030/101258941|Other
101221259|ECO-SLAG-CEM|ENVIRONMENTALLY COMPATIBLE OPTIMIZATION OF EAF SLAG FOR LOW-CARBON ADVANCED GREEN CEMENT|2025-10-01|2029-09-30|0|HORIZON.3.1|HORIZON-EIC-2024-PATHFINDERCHALLENGES-01-02|HORIZON-EIC-2024-PATHFINDERCHALLENGES-01|HORIZON-EIC-2024-PATHFINDERCHALLENGES-01|HORIZON-EIC|"""The ECO-SLAG-CEM project aims to develop high-performance, low-carbon cements using modified Electric Arc Furnace (EAF) slag. The project addresses the significant CO2 emissions from the cement and steel industries, which together account for approximately 14% of global CO2 emissions. The primary objective is to enhance the reactivity of EAF slag through high-temperature treatments and bio-based activation systems, enabling the formulation of high-performance, low-carbon binders to replace the declining availability of granulated blast furnace slag (GBS).To achieve this, the project follows a twofold approach: high-temperature treatments to increase the intrinsic reactivity of EAF slags and the development of tailor-made activation systems, including the use of bio-based chelatants to pre-treat slags and accelerate hydration. A further focus of the project is the presence and mobility of Fe and heavy metals to ensure durability and compliance with environmental standards. The relevance to the work program lies in its alignment with the Horizon Europe Pathfinder Challenge """"Towards cement and concrete as a carbon sink."""" The project aims to develop low-carbon binder technologies, optimize clinker reduction, and provide valuable data on the structure and behavior of Fe-bearing slags. By valorizing EAF slag, the project supports the decarbonization of the cement industry and adds value to the steel production process, making it easier to adopt globally and boosting the competitiveness of European steel production. The project involves collaboration between various partners, including universities, research institutes, and industry players, ensuring a comprehensive and interdisciplinary approach. The expected outcomes include the development of treatment strategies for EAF slags, the introduction of bio-based accelerators, and the formulation of high-performance hydraulic binders, contributing to the sustainability and competitiveness of the EU cement & steel industries."""|10.3030/101221259|Other
101257934|AI-RITMIA|AI-assisted peRsonalized heart-on-chIp as advanced diagnostic Tool for clinical significance assessMent of Inherited cArdiomyopathies|2026-08-01|2029-07-31|2999935|HORIZON.3.1|HORIZON-EIC-2025-PATHFINDEROPEN|HORIZON-EIC-2025-PATHFINDEROPEN|HORIZON-EIC-2025-PATHFINDEROPEN|HORIZON-EIC|Inherited cardiomyopathies (iCMPs) are a major causeInherited cardiomyopathies (iCMPs) are a major cause of heart disease and account for a significant percentage of deaths in young patients. While recent advances in next-generation sequencing have enabled testing of a large number of genes related to iCMPs, the rate of identification of pathogenic variants is still below 50%. On the other hand, this unprecedented sequencing power has led to an exponential increase in detecting novel unclassified genetic variants (VUS), for which pathogenicity has not been confirmed. VUS uncertainty of diagnosis poses important problems in clinical evaluations, therapeutic decisions and risk-assessment both for patient and family members.The AI-RITMIA Consortium proposes a breakthrough innovation to establish a conclusive link between specific VUSs and CMPclinical phenotypes, yielding to the development of an unprecedented technological platform: a radically new AI-guided patient-specific heart-on-chip diagnostic tool (AI-RITMIA) will be able to interface for the first time three currently diverging sectors: patient specific in vitro modelling, in silico and artificial intelligence (AI) based data handling and clinical evaluation. AI-RITMIA will be the first clinical grade personalized in vitro-in silico platform enabling faster and unbiased correlations of clinical outcomes with functional in vitro profiling for VUS-carrying patients, returning a pathogenicity score directly to the clinicians to unlock informed diagnosis and therapeutic decisions. The achievement of such innovation will leverage on enabling technologies and resources uniquely available in the Consortium, which brings together excellences from the three interfacing worlds: 1) in vitro models based on OoC and microsensors @POLIMI, @BIOMIMX, @NMI and patient-specific iPSCs @ICH; 2) the largest EU cohort of well characterized CMP patients @COCHIN, and 3) clinical grade AI-based data handling interfaces @TUM, @ADVICE.|10.3030/101257934|Other
101234842|COMPASS|Comprehensive Offshore Management Platform for Assessing SuStainability|2025-11-01|2029-10-31|0|HORIZON.2.5|HORIZON-CL5-2024-D3-02-08|HORIZON-CL5-2024-D3-02|HORIZON-CL5-2024-D3-02|HORIZON-RIA|Europe is at the forefront of offshore wind energy, with ambitious goals to expand its capacity from around 34 GW in 2023 to at least 88 GW by 2030 and 360 GW by 2050. Developing Offshore Wind Farms (OWFs) affects the environment and socio-economic systems both positively and negatively. To meet sustainability requirements, it is crucial to holistically evaluate these impacts across all scales and life phases of existing and future OWFs. Although many modeling tools exist to assess different types of impacts individually, the development of a holistic integrated tool is lacking. COMPASS (Comprehensive Offshore Management Platform for Assessing Sustainability) will provide an innovative and holistic understanding of both global and local cumulative impacts of OWF. By combining life-cycle based environmental, economic and social tools and an OWF digital twin, COMPASS will leverage their mutual advantages to assess OWF project sustainability. These tools will be integrated in a user-friendly, customizable, decision-support platform. The platform will be set up using diverse case studies across Europe, incorporating various OWF designs from bottom-fixed to floating technologies. This approach ensures its adaptability to different European sea basins and OWF projects. The platform aims to assist stakeholders in exploring different cost-effective options to improve sustainability trade-offs, acceptability and performance of OWF projects. By addressing both priced and non-priced sustainability criteria, it will provide recommendations to optimize OWF designs, from recycling strategies to nature-inclusive solutions, thereby refining OWF tender competitiveness. The COMPASS consortium brings together leading experts from academia, research institutes and industry, across eight EU countries, and involves an End-User Group, Policy-oriented Advisory Board and international experts, ensuring an innovative transdisciplinary, end-user driven approach to OWF impact assessment.|10.3030/101234842|Cluster 5
101220926|X-SeeO2|Real-time X-ray diffraction and microstructure imaging: accelerating the transformation of cementitious materials into CO2 sinks|2025-10-01|2029-09-30|0|HORIZON.3.1|HORIZON-EIC-2024-PATHFINDERCHALLENGES-01-02|HORIZON-EIC-2024-PATHFINDERCHALLENGES-01|HORIZON-EIC-2024-PATHFINDERCHALLENGES-01|HORIZON-EIC|X-SeeO2 delivers unique tools to the portfolio’s Challenge projects as transversal enabling technologies that will accelerate innovation for cement decarbonisation and smart carbonisation of concretes. Led by three renowned universities (Malaga, Bath and Manchester) and The European Synchrotron, X-SeeO2 leverages its X-ray specialised facilities and expertise in low-carbon cementitious materials, carbonation and materials imaging. The project offers access to advanced analytical techniques, including synchrotron and laboratory X-ray powder diffraction (PD) and micro-computed tomography (mCT), supporting the portfolio's research. It commits to collect and analyse over 600 synchrotron PD patterns, 140/70 synchrotron/lab mCT, respectively, supported by 51 person months for portfolio data analysis.These ambitious goals will be achieved by: (i) Designing/manufacturing a world-first in-situ high-pressure (HP) CO2 mineralisation cell for synchrotron mCT, and tailoring an existing in-situ HP cell for synchrotron PD; (ii) Creating robust workflows for PD and mCT data acquisition and analysis tailored to cementitious materials; and (iii) Validating workflows in two case studies. These studies also contribute to the other Challenge categories: “Novel supplementary cementitious materials (SMCs) produced by combining mechanochemical activation and CO2 mineralisation of alkaline industrial wastes”; and “high-throughput determination of autoclave accelerated CO2 curing kinetics of Portland cements (PC) and PC-SCMs blends”.The knowledge generated by X-SeeO2 will be transformative for the Challenge projects and for the advancement of cement materials science and engineering. The results will further enable the creation of two comprehensive atlases compiling and sharing the PD and mCT data and analytical results generated by the Portfolio. This legacy will have a lasting impact, supporting future predictive model development and minimising empirical testing.|10.3030/101220926|Other
